User,Timestamp
1,1633946848251
2,1634049516613
3,1635153366300
4,1634637167060
5,1633852258325
6,1636971248412
7,1635877381217
8,1635529899496
9,1634902121403
10,1632586286250
11,1633456455939
12,1634070437218
13,1634076866823
14,1632905635793
15,1632465235934
16,1634897466348
17,1636739686613
18,1634817025832
19,1636827807181
20,1635103286092
21,1635158302045
22,1634813786420
23,1634990939247
24,1632860606397
25,1637000257955
26,1636725397962
27,1632674246341
28,1634823488711
29,1638660813840
30,1634911855929
31,1634241081861
32,1637962874691
33,1633596462614
34,1632950641927
35,1634983398269
36,1635760083548
37,1634044658452
38,1634840675394
39,1634828887623
40,1638790944149
41,1634935508661
42,1635330750182
43,1634854202951
44,1637970818425
45,1634480280735
46,1635197520290
47,1636819795667
48,1636735519555
49,1636787015789
50,1635150230819
