,P,DB,Issue,Type,Q,Answer,Time,SGLT,mental,physical,temporal,performance,effort,frustration,avg_others,avg_all,Timestamp
0,f118ebdd7e9350d704d9f91ee7de2702,3,Order&Grouping,Baseline,1,0,5.33,0,14.0,10.0,6,14,10,14.0,10.8,11.33,1632465235934
1,f118ebdd7e9350d704d9f91ee7de2702,2,InforOverload,Intervention,1,1,8.53,0,6.0,2.0,4,20,4,10.0,5.2,7.67,1632465235934
2,f118ebdd7e9350d704d9f91ee7de2702,1,InforOverload,Baseline,1,0,2.25,0,1.0,1.0,1,20,0,0.0,0.6,3.83,1632465235934
3,f118ebdd7e9350d704d9f91ee7de2702,3,Order&Grouping,Baseline,2,0,7.85,0,10.0,10.0,6,20,10,18.0,10.8,12.33,1632465235934
4,f118ebdd7e9350d704d9f91ee7de2702,7,DataUnderstanding,Baseline,2,1,8.82,0,4.0,4.0,2,8,5,14.0,5.8,6.17,1632465235934
5,f118ebdd7e9350d704d9f91ee7de2702,4,Order&Grouping,Intervention,2,1,8.67,0,6.0,10.0,2,20,4,3.0,5.0,7.5,1632465235934
6,f118ebdd7e9350d704d9f91ee7de2702,2,InforOverload,Intervention,2,1,5.8,0,16.0,13.0,6,20,6,10.0,10.2,11.83,1632465235934
7,f118ebdd7e9350d704d9f91ee7de2702,5,DataPresentation,Baseline,1,1,4.15,0,8.0,8.0,6,12,7,11.0,8.0,8.67,1632465235934
8,f118ebdd7e9350d704d9f91ee7de2702,6,DataPresentation,Intervention,1,1,2.1,0,2.0,2.0,2,20,2,0.0,1.6,4.67,1632465235934
9,f118ebdd7e9350d704d9f91ee7de2702,7,DataUnderstanding,Baseline,1,0,4.43,0,4.0,4.0,3,10,3,10.0,4.8,5.67,1632465235934
10,f118ebdd7e9350d704d9f91ee7de2702,8,DataUnderstanding,Intervention,1,0,6.5,0,10.0,12.0,4,4,8,10.0,8.8,8.0,1632465235934
11,f118ebdd7e9350d704d9f91ee7de2702,8,DataUnderstanding,Intervention,2,1,6.28,0,8.0,8.0,4,18,3,10.0,6.6,8.5,1632465235934
12,f118ebdd7e9350d704d9f91ee7de2702,1,InforOverload,Baseline,2,1,2.55,0,4.0,6.0,4,20,2,0.0,3.2,6.0,1632465235934
13,f118ebdd7e9350d704d9f91ee7de2702,5,DataPresentation,Baseline,2,0,5.17,0,12.0,2.0,2,10,6,14.0,7.2,7.67,1632465235934
14,f118ebdd7e9350d704d9f91ee7de2702,6,DataPresentation,Intervention,2,0,3.4,0,10.0,6.0,4,9,5,12.0,7.4,7.67,1632465235934
15,f118ebdd7e9350d704d9f91ee7de2702,4,Order&Grouping,Intervention,1,0,3.7,0,4.0,7.0,3,17,3,6.0,4.6,6.67,1632465235934
16,baa65da3618ecc0203e2163032046969,4,Order&Grouping,Intervention,1,0,3.98,2,2.0,0.0,2,19,4,10.0,3.6,6.17,1632586286250
17,baa65da3618ecc0203e2163032046969,3,Order&Grouping,Baseline,1,1,3.87,2,5.0,1.0,7,18,4,6.0,4.6,6.83,1632586286250
18,baa65da3618ecc0203e2163032046969,8,DataUnderstanding,Intervention,2,1,3.42,2,3.0,1.0,7,19,5,6.0,4.4,6.83,1632586286250
19,baa65da3618ecc0203e2163032046969,5,DataPresentation,Baseline,2,0,5.1,2,11.0,1.0,8,19,10,10.0,8.0,9.83,1632586286250
20,baa65da3618ecc0203e2163032046969,4,Order&Grouping,Intervention,2,0,6.18,2,12.0,2.0,5,16,10,11.0,8.0,9.33,1632586286250
21,baa65da3618ecc0203e2163032046969,7,DataUnderstanding,Baseline,2,1,4.02,2,10.0,2.0,10,18,10,11.0,8.6,10.17,1632586286250
22,baa65da3618ecc0203e2163032046969,5,DataPresentation,Baseline,1,0,2.78,2,7.0,2.0,7,18,6,9.0,6.2,8.17,1632586286250
23,baa65da3618ecc0203e2163032046969,6,DataPresentation,Intervention,1,0,1.77,2,9.0,2.0,18,14,11,8.0,9.6,10.33,1632586286250
24,baa65da3618ecc0203e2163032046969,1,InforOverload,Baseline,2,1,1.93,2,4.0,0.0,2,19,2,1.0,1.8,4.67,1632586286250
25,baa65da3618ecc0203e2163032046969,1,InforOverload,Baseline,1,0,1.73,2,7.0,0.0,6,18,2,2.0,3.4,5.83,1632586286250
26,baa65da3618ecc0203e2163032046969,2,InforOverload,Intervention,2,1,3.42,2,4.0,1.0,10,18,9,12.0,7.2,9.0,1632586286250
27,baa65da3618ecc0203e2163032046969,3,Order&Grouping,Baseline,2,1,8.05,2,12.0,2.0,13,16,18,16.0,12.2,12.83,1632586286250
28,baa65da3618ecc0203e2163032046969,2,InforOverload,Intervention,1,1,1.75,2,3.0,0.0,2,19,2,2.0,1.8,4.67,1632586286250
29,baa65da3618ecc0203e2163032046969,7,DataUnderstanding,Baseline,1,1,5.55,2,9.0,1.0,14,16,13,13.0,10.0,11.0,1632586286250
30,baa65da3618ecc0203e2163032046969,6,DataPresentation,Intervention,2,1,3.7,2,10.0,1.0,6,17,9,10.0,7.2,8.83,1632586286250
31,baa65da3618ecc0203e2163032046969,8,DataUnderstanding,Intervention,1,0,6.5,2,18.0,2.0,17,0,17,19.0,14.6,12.17,1632586286250
32,4be9bf38a921f0512e97cb114e70686f,6,DataPresentation,Intervention,2,0,4.0,2,14.0,8.0,18,6,14,18.0,14.4,13.0,1632674246341
33,4be9bf38a921f0512e97cb114e70686f,2,InforOverload,Intervention,1,1,3.57,2,2.0,2.0,6,10,14,4.0,5.6,6.33,1632674246341
34,4be9bf38a921f0512e97cb114e70686f,4,Order&Grouping,Intervention,1,0,3.92,2,10.0,4.0,8,10,8,2.0,6.4,7.0,1632674246341
35,4be9bf38a921f0512e97cb114e70686f,3,Order&Grouping,Baseline,1,1,4.93,2,6.0,4.0,4,14,8,4.0,5.2,6.67,1632674246341
36,4be9bf38a921f0512e97cb114e70686f,4,Order&Grouping,Intervention,2,0,4.9,2,8.0,12.0,6,10,8,4.0,7.6,8.0,1632674246341
37,4be9bf38a921f0512e97cb114e70686f,1,InforOverload,Baseline,2,1,2.03,2,6.0,1.0,1,16,6,1.0,3.0,5.17,1632674246341
38,4be9bf38a921f0512e97cb114e70686f,3,Order&Grouping,Baseline,2,1,4.93,2,8.0,2.0,4,10,6,16.0,7.2,7.67,1632674246341
39,4be9bf38a921f0512e97cb114e70686f,1,InforOverload,Baseline,1,1,5.3,2,9.0,8.0,4,14,16,16.0,10.6,11.17,1632674246341
40,4be9bf38a921f0512e97cb114e70686f,2,InforOverload,Intervention,2,1,3.0,2,2.0,2.0,2,14,4,1.0,2.2,4.17,1632674246341
41,4be9bf38a921f0512e97cb114e70686f,8,DataUnderstanding,Intervention,1,1,4.6,2,6.0,6.0,2,10,14,18.0,9.2,9.33,1632674246341
42,4be9bf38a921f0512e97cb114e70686f,5,DataPresentation,Baseline,1,0,5.08,2,6.0,2.0,10,8,14,12.0,8.8,8.67,1632674246341
43,4be9bf38a921f0512e97cb114e70686f,5,DataPresentation,Baseline,2,0,2.75,2,6.0,2.0,6,14,6,18.0,7.6,8.67,1632674246341
44,4be9bf38a921f0512e97cb114e70686f,8,DataUnderstanding,Intervention,2,1,2.87,2,1.0,1.0,4,16,1,1.0,1.6,4.0,1632674246341
45,4be9bf38a921f0512e97cb114e70686f,7,DataUnderstanding,Baseline,1,0,6.7,2,16.0,12.0,8,1,8,20.0,12.8,10.83,1632674246341
46,4be9bf38a921f0512e97cb114e70686f,6,DataPresentation,Intervention,1,1,1.67,2,2.0,2.0,1,18,2,1.0,1.6,4.33,1632674246341
47,4be9bf38a921f0512e97cb114e70686f,7,DataUnderstanding,Baseline,2,1,3.53,2,4.0,2.0,2,14,6,10.0,4.8,6.33,1632674246341
48,45abfdf3a3fd6f051089806e590aeb45,7,DataUnderstanding,Baseline,1,0,10.48,1,8.0,6.0,10,8,16,12.0,10.4,10.0,1632860606397
49,45abfdf3a3fd6f051089806e590aeb45,6,DataPresentation,Intervention,2,1,3.7,1,1.0,1.0,1,20,0,0.0,0.6,3.83,1632860606397
50,45abfdf3a3fd6f051089806e590aeb45,8,DataUnderstanding,Intervention,2,1,5.98,1,4.0,2.0,8,20,9,4.0,5.4,7.83,1632860606397
51,45abfdf3a3fd6f051089806e590aeb45,8,DataUnderstanding,Intervention,1,0,8.72,1,12.0,6.0,12,10,18,0.0,9.6,9.67,1632860606397
52,45abfdf3a3fd6f051089806e590aeb45,2,InforOverload,Intervention,2,0,9.45,1,12.0,4.0,12,18,15,10.0,10.6,11.83,1632860606397
53,45abfdf3a3fd6f051089806e590aeb45,5,DataPresentation,Baseline,1,0,4.13,1,1.0,1.0,2,20,1,1.0,1.2,4.33,1632860606397
54,45abfdf3a3fd6f051089806e590aeb45,1,InforOverload,Baseline,2,1,2.65,1,1.0,1.0,1,20,1,1.0,1.0,4.17,1632860606397
55,45abfdf3a3fd6f051089806e590aeb45,6,DataPresentation,Intervention,1,1,2.43,1,1.0,1.0,1,20,1,1.0,1.0,4.17,1632860606397
56,45abfdf3a3fd6f051089806e590aeb45,4,Order&Grouping,Intervention,2,1,5.15,1,12.0,1.0,6,20,13,4.0,7.2,9.33,1632860606397
57,45abfdf3a3fd6f051089806e590aeb45,3,Order&Grouping,Baseline,2,0,4.1,1,2.0,2.0,4,20,4,1.0,2.6,5.5,1632860606397
58,45abfdf3a3fd6f051089806e590aeb45,2,InforOverload,Intervention,1,1,2.95,1,1.0,1.0,1,20,1,1.0,1.0,4.17,1632860606397
59,45abfdf3a3fd6f051089806e590aeb45,3,Order&Grouping,Baseline,1,1,3.77,1,2.0,1.0,3,20,4,1.0,2.2,5.17,1632860606397
60,45abfdf3a3fd6f051089806e590aeb45,4,Order&Grouping,Intervention,1,1,4.0,1,2.0,1.0,2,17,4,1.0,2.0,4.5,1632860606397
61,45abfdf3a3fd6f051089806e590aeb45,7,DataUnderstanding,Baseline,2,0,4.98,1,3.0,2.0,4,18,5,2.0,3.2,5.67,1632860606397
62,45abfdf3a3fd6f051089806e590aeb45,5,DataPresentation,Baseline,2,1,5.1,1,2.0,1.0,1,20,1,1.0,1.2,4.33,1632860606397
63,45abfdf3a3fd6f051089806e590aeb45,1,InforOverload,Baseline,1,0,2.68,1,1.0,1.0,1,20,1,1.0,1.0,4.17,1632860606397
64,bc360e201c556e73fadccd1b0fbe1083,7,DataUnderstanding,Baseline,1,1,5.35,2,10.0,0.0,6,16,10,0.0,5.2,7.0,1632905635793
65,bc360e201c556e73fadccd1b0fbe1083,7,DataUnderstanding,Baseline,2,1,8.18,2,14.0,0.0,14,19,16,5.0,9.8,11.33,1632905635793
66,bc360e201c556e73fadccd1b0fbe1083,4,Order&Grouping,Intervention,2,1,3.22,2,2.0,0.0,4,10,2,0.0,1.6,3.0,1632905635793
67,bc360e201c556e73fadccd1b0fbe1083,2,InforOverload,Intervention,2,0,6.28,2,8.0,0.0,2,14,16,0.0,5.2,6.67,1632905635793
68,bc360e201c556e73fadccd1b0fbe1083,5,DataPresentation,Baseline,1,0,2.88,2,4.0,0.0,2,8,2,0.0,1.6,2.67,1632905635793
69,bc360e201c556e73fadccd1b0fbe1083,1,InforOverload,Baseline,1,1,2.93,2,2.0,0.0,1,18,2,0.0,1.0,3.83,1632905635793
70,bc360e201c556e73fadccd1b0fbe1083,6,DataPresentation,Intervention,1,1,1.88,2,2.0,0.0,2,11,4,0.0,1.6,3.17,1632905635793
71,bc360e201c556e73fadccd1b0fbe1083,8,DataUnderstanding,Intervention,1,0,2.82,2,2.0,0.0,4,4,2,0.0,1.6,2.0,1632905635793
72,bc360e201c556e73fadccd1b0fbe1083,2,InforOverload,Intervention,1,1,0.98,2,4.0,0.0,0,18,1,0.0,1.0,3.83,1632905635793
73,bc360e201c556e73fadccd1b0fbe1083,4,Order&Grouping,Intervention,1,0,3.22,2,4.0,0.0,6,17,4,0.0,2.8,5.17,1632905635793
74,bc360e201c556e73fadccd1b0fbe1083,6,DataPresentation,Intervention,2,0,2.92,2,2.0,0.0,1,10,2,0.0,1.0,2.5,1632905635793
75,bc360e201c556e73fadccd1b0fbe1083,8,DataUnderstanding,Intervention,2,0,3.33,2,4.0,0.0,3,16,8,0.0,3.0,5.17,1632905635793
76,bc360e201c556e73fadccd1b0fbe1083,1,InforOverload,Baseline,2,1,1.5,2,4.0,0.0,1,18,3,0.0,1.6,4.33,1632905635793
77,bc360e201c556e73fadccd1b0fbe1083,3,Order&Grouping,Baseline,2,0,4.9,2,4.0,0.0,4,7,7,0.0,3.0,3.67,1632905635793
78,bc360e201c556e73fadccd1b0fbe1083,3,Order&Grouping,Baseline,1,0,1.65,2,2.0,0.0,1,18,3,0.0,1.2,4.0,1632905635793
79,bc360e201c556e73fadccd1b0fbe1083,5,DataPresentation,Baseline,2,0,1.15,2,2.0,0.0,1,14,1,0.0,0.8,3.0,1632905635793
80,2d2dc6b096e749771ade71edb3c44e78,2,InforOverload,Intervention,1,1,3.62,2,2.0,1.0,2,20,0,0.0,1.0,4.17,1632950641927
81,2d2dc6b096e749771ade71edb3c44e78,7,DataUnderstanding,Baseline,1,1,5.85,2,9.0,7.0,10,16,8,2.0,7.2,8.67,1632950641927
82,2d2dc6b096e749771ade71edb3c44e78,4,Order&Grouping,Intervention,2,1,5.62,2,10.0,8.0,10,16,12,2.0,8.4,9.67,1632950641927
83,2d2dc6b096e749771ade71edb3c44e78,1,InforOverload,Baseline,2,1,2.25,2,2.0,2.0,2,18,2,0.0,1.6,4.33,1632950641927
84,2d2dc6b096e749771ade71edb3c44e78,5,DataPresentation,Baseline,1,1,2.37,2,4.0,2.0,2,20,2,0.0,2.0,5.0,1632950641927
85,2d2dc6b096e749771ade71edb3c44e78,4,Order&Grouping,Intervention,1,0,3.05,2,2.0,2.0,2,18,1,0.0,1.4,4.17,1632950641927
86,2d2dc6b096e749771ade71edb3c44e78,8,DataUnderstanding,Intervention,1,0,3.3,2,4.0,2.0,4,10,4,0.0,2.8,4.0,1632950641927
87,2d2dc6b096e749771ade71edb3c44e78,6,DataPresentation,Intervention,2,1,3.2,2,2.0,2.0,4,16,2,0.0,2.0,4.33,1632950641927
88,2d2dc6b096e749771ade71edb3c44e78,1,InforOverload,Baseline,1,0,4.03,2,2.0,2.0,2,18,1,0.0,1.4,4.17,1632950641927
89,2d2dc6b096e749771ade71edb3c44e78,8,DataUnderstanding,Intervention,2,1,3.85,2,8.0,2.0,4,10,10,4.0,5.6,6.33,1632950641927
90,2d2dc6b096e749771ade71edb3c44e78,3,Order&Grouping,Baseline,1,0,6.83,2,10.0,12.0,6,20,6,0.0,6.8,9.0,1632950641927
91,2d2dc6b096e749771ade71edb3c44e78,5,DataPresentation,Baseline,2,1,5.57,2,7.0,10.0,10,20,6,8.0,8.2,10.17,1632950641927
92,2d2dc6b096e749771ade71edb3c44e78,3,Order&Grouping,Baseline,2,1,6.98,2,16.0,12.0,0,10,14,14.0,11.2,11.0,1632950641927
93,2d2dc6b096e749771ade71edb3c44e78,6,DataPresentation,Intervention,1,1,1.9,2,2.0,2.0,2,20,2,0.0,1.6,4.67,1632950641927
94,2d2dc6b096e749771ade71edb3c44e78,7,DataUnderstanding,Baseline,2,1,3.53,2,4.0,3.0,6,18,6,0.0,3.8,6.17,1632950641927
95,2d2dc6b096e749771ade71edb3c44e78,2,InforOverload,Intervention,2,1,3.25,2,4.0,2.0,2,20,4,0.0,2.4,5.33,1632950641927
96,f5854ce8a73f4c65a7656be0302ef54f,7,DataUnderstanding,Baseline,1,1,9.4,3,6.0,2.0,0,20,10,6.0,4.8,7.33,1633456455939
97,f5854ce8a73f4c65a7656be0302ef54f,2,InforOverload,Intervention,1,1,5.53,3,12.0,0.0,8,20,10,18.0,9.6,11.33,1633456455939
98,f5854ce8a73f4c65a7656be0302ef54f,8,DataUnderstanding,Intervention,1,1,7.82,3,12.0,8.0,8,18,14,16.0,11.6,12.67,1633456455939
99,f5854ce8a73f4c65a7656be0302ef54f,1,InforOverload,Baseline,2,1,2.18,3,4.0,2.0,2,20,2,2.0,2.4,5.33,1633456455939
100,f5854ce8a73f4c65a7656be0302ef54f,8,DataUnderstanding,Intervention,2,1,3.78,3,2.0,1.0,1,20,1,1.0,1.2,4.33,1633456455939
101,f5854ce8a73f4c65a7656be0302ef54f,4,Order&Grouping,Intervention,2,0,6.38,3,6.0,6.0,6,16,8,10.0,7.2,8.67,1633456455939
102,f5854ce8a73f4c65a7656be0302ef54f,7,DataUnderstanding,Baseline,2,0,5.1,3,2.0,4.0,4,18,4,18.0,6.4,8.33,1633456455939
103,f5854ce8a73f4c65a7656be0302ef54f,6,DataPresentation,Intervention,1,1,3.98,3,2.0,2.0,4,20,4,8.0,4.0,6.67,1633456455939
104,f5854ce8a73f4c65a7656be0302ef54f,1,InforOverload,Baseline,1,0,5.42,3,12.0,6.0,14,14,14,20.0,13.2,13.33,1633456455939
105,f5854ce8a73f4c65a7656be0302ef54f,2,InforOverload,Intervention,2,1,3.8,3,6.0,8.0,6,18,8,14.0,8.4,10.0,1633456455939
106,f5854ce8a73f4c65a7656be0302ef54f,3,Order&Grouping,Baseline,2,0,7.6,3,12.0,12.0,12,20,16,20.0,14.4,15.33,1633456455939
107,f5854ce8a73f4c65a7656be0302ef54f,5,DataPresentation,Baseline,2,1,3.78,3,2.0,7.0,2,18,6,6.0,4.6,6.83,1633456455939
108,f5854ce8a73f4c65a7656be0302ef54f,4,Order&Grouping,Intervention,1,0,4.93,3,2.0,5.0,5,20,4,2.0,3.6,6.33,1633456455939
109,f5854ce8a73f4c65a7656be0302ef54f,5,DataPresentation,Baseline,1,0,2.12,3,1.0,1.0,1,18,1,0.0,0.8,3.67,1633456455939
110,f5854ce8a73f4c65a7656be0302ef54f,6,DataPresentation,Intervention,2,1,2.57,3,1.0,1.0,2,1,1,6.0,2.2,2.0,1633456455939
111,f5854ce8a73f4c65a7656be0302ef54f,3,Order&Grouping,Baseline,1,1,1.93,3,2.0,2.0,2,20,2,8.0,3.2,6.0,1633456455939
112,2577645aacac5f574e5e0f273a9dbe01,4,Order&Grouping,Intervention,2,1,5.05,3,12.0,10.0,12,20,6,0.0,8.0,10.0,1633596462614
113,2577645aacac5f574e5e0f273a9dbe01,2,InforOverload,Intervention,1,1,4.97,3,1.0,1.0,1,20,0,0.0,0.6,3.83,1633596462614
114,2577645aacac5f574e5e0f273a9dbe01,4,Order&Grouping,Intervention,1,0,5.77,3,1.0,1.0,1,20,0,0.0,0.6,3.83,1633596462614
115,2577645aacac5f574e5e0f273a9dbe01,8,DataUnderstanding,Intervention,2,0,5.37,3,1.0,1.0,0,20,0,0.0,0.4,3.67,1633596462614
116,2577645aacac5f574e5e0f273a9dbe01,7,DataUnderstanding,Baseline,1,1,6.83,3,1.0,1.0,1,20,0,0.0,0.6,3.83,1633596462614
117,2577645aacac5f574e5e0f273a9dbe01,3,Order&Grouping,Baseline,2,1,9.93,3,6.0,6.0,4,14,2,0.0,3.6,5.33,1633596462614
118,2577645aacac5f574e5e0f273a9dbe01,5,DataPresentation,Baseline,1,1,3.87,3,1.0,1.0,1,20,0,0.0,0.6,3.83,1633596462614
119,2577645aacac5f574e5e0f273a9dbe01,7,DataUnderstanding,Baseline,2,1,3.37,3,1.0,1.0,1,20,0,0.0,0.6,3.83,1633596462614
120,2577645aacac5f574e5e0f273a9dbe01,6,DataPresentation,Intervention,2,1,7.52,3,4.0,2.0,4,18,0,0.0,2.0,4.67,1633596462614
121,2577645aacac5f574e5e0f273a9dbe01,1,InforOverload,Baseline,1,0,3.13,3,1.0,2.0,1,18,0,0.0,0.8,3.67,1633596462614
122,2577645aacac5f574e5e0f273a9dbe01,2,InforOverload,Intervention,2,0,7.32,3,6.0,6.0,8,0,0,4.0,4.8,4.0,1633596462614
123,2577645aacac5f574e5e0f273a9dbe01,1,InforOverload,Baseline,2,1,3.27,3,1.0,1.0,2,20,0,0.0,0.8,4.0,1633596462614
124,2577645aacac5f574e5e0f273a9dbe01,6,DataPresentation,Intervention,1,1,1.8,3,1.0,1.0,1,20,0,0.0,0.6,3.83,1633596462614
125,2577645aacac5f574e5e0f273a9dbe01,3,Order&Grouping,Baseline,1,0,2.95,3,4.0,1.0,2,14,2,0.0,1.8,3.83,1633596462614
126,2577645aacac5f574e5e0f273a9dbe01,8,DataUnderstanding,Intervention,1,0,5.35,3,4.0,4.0,4,0,6,4.0,4.4,3.67,1633596462614
127,2577645aacac5f574e5e0f273a9dbe01,5,DataPresentation,Baseline,2,1,4.28,3,2.0,1.0,2,18,1,0.0,1.2,4.0,1633596462614
128,9a5a49e90d82dd9194996abba021c8d6,3,Order&Grouping,Baseline,1,1,7.9,0,2.0,10.0,6,14,4,10.0,6.4,7.67,1633852258325
129,9a5a49e90d82dd9194996abba021c8d6,6,DataPresentation,Intervention,1,0,2.45,0,1.0,1.0,1,18,1,0.0,0.8,3.67,1633852258325
130,9a5a49e90d82dd9194996abba021c8d6,8,DataUnderstanding,Intervention,1,0,6.33,0,10.0,5.0,10,10,6,8.0,7.8,8.17,1633852258325
131,9a5a49e90d82dd9194996abba021c8d6,5,DataPresentation,Baseline,2,0,4.12,0,6.0,4.0,4,18,4,2.0,4.0,6.33,1633852258325
132,9a5a49e90d82dd9194996abba021c8d6,2,InforOverload,Intervention,1,1,1.9,0,0.0,1.0,0,18,0,0.0,0.2,3.17,1633852258325
133,9a5a49e90d82dd9194996abba021c8d6,5,DataPresentation,Baseline,1,1,2.4,0,1.0,2.0,1,18,1,1.0,1.2,4.0,1633852258325
134,9a5a49e90d82dd9194996abba021c8d6,7,DataUnderstanding,Baseline,1,0,3.33,0,8.0,2.0,1,10,6,2.0,3.8,4.83,1633852258325
135,9a5a49e90d82dd9194996abba021c8d6,6,DataPresentation,Intervention,2,0,2.07,0,1.0,2.0,0,19,0,0.0,0.6,3.67,1633852258325
136,9a5a49e90d82dd9194996abba021c8d6,1,InforOverload,Baseline,2,1,2.23,0,0.0,1.0,0,18,0,1.0,0.4,3.33,1633852258325
137,9a5a49e90d82dd9194996abba021c8d6,4,Order&Grouping,Intervention,2,0,3.65,0,1.0,1.0,0,19,1,2.0,1.0,4.0,1633852258325
138,9a5a49e90d82dd9194996abba021c8d6,2,InforOverload,Intervention,2,1,3.78,0,10.0,6.0,2,12,8,2.0,5.6,6.67,1633852258325
139,9a5a49e90d82dd9194996abba021c8d6,8,DataUnderstanding,Intervention,2,1,2.17,0,0.0,2.0,0,19,1,0.0,0.6,3.67,1633852258325
140,9a5a49e90d82dd9194996abba021c8d6,4,Order&Grouping,Intervention,1,1,4.17,0,2.0,1.0,1,18,1,0.0,1.0,3.83,1633852258325
141,9a5a49e90d82dd9194996abba021c8d6,7,DataUnderstanding,Baseline,2,0,1.67,0,1.0,1.0,0,18,1,0.0,0.6,3.5,1633852258325
142,9a5a49e90d82dd9194996abba021c8d6,3,Order&Grouping,Baseline,2,0,4.4,0,8.0,2.0,1,10,2,4.0,3.4,4.5,1633852258325
143,9a5a49e90d82dd9194996abba021c8d6,1,InforOverload,Baseline,1,0,1.43,0,0.0,1.0,0,19,1,0.0,0.4,3.5,1633852258325
144,5f90a364720db913241731a7a0354cfc,1,InforOverload,Baseline,1,0,4.85,3,4.0,2.0,2,20,4,1.0,2.6,5.5,1633946848251
145,5f90a364720db913241731a7a0354cfc,3,Order&Grouping,Baseline,1,0,5.13,3,15.0,5.0,10,0,10,10.0,10.0,8.33,1633946848251
146,5f90a364720db913241731a7a0354cfc,4,Order&Grouping,Intervention,1,0,3.27,3,8.0,4.0,2,0,5,6.0,5.0,4.17,1633946848251
147,5f90a364720db913241731a7a0354cfc,6,DataPresentation,Intervention,1,1,2.52,3,3.0,1.0,1,20,1,0.0,1.2,4.33,1633946848251
148,5f90a364720db913241731a7a0354cfc,1,InforOverload,Baseline,2,1,1.97,3,3.0,1.0,2,18,1,0.0,1.4,4.17,1633946848251
149,5f90a364720db913241731a7a0354cfc,6,DataPresentation,Intervention,2,1,3.02,3,7.0,1.0,1,20,4,0.0,2.6,5.5,1633946848251
150,5f90a364720db913241731a7a0354cfc,3,Order&Grouping,Baseline,2,0,2.02,3,4.0,1.0,0,0,2,8.0,3.0,2.5,1633946848251
151,5f90a364720db913241731a7a0354cfc,8,DataUnderstanding,Intervention,2,0,2.63,3,8.0,1.0,2,20,2,0.0,2.6,5.5,1633946848251
152,5f90a364720db913241731a7a0354cfc,7,DataUnderstanding,Baseline,1,1,1.98,3,4.0,1.0,2,20,2,0.0,1.8,4.83,1633946848251
153,5f90a364720db913241731a7a0354cfc,2,InforOverload,Intervention,2,1,4.08,3,14.0,4.0,5,18,6,0.0,5.8,7.83,1633946848251
154,5f90a364720db913241731a7a0354cfc,7,DataUnderstanding,Baseline,2,1,2.13,3,7.0,2.0,2,19,2,0.0,2.6,5.33,1633946848251
155,5f90a364720db913241731a7a0354cfc,2,InforOverload,Intervention,1,1,1.65,3,5.0,1.0,1,19,1,0.0,1.6,4.5,1633946848251
156,5f90a364720db913241731a7a0354cfc,8,DataUnderstanding,Intervention,1,0,2.97,3,8.0,4.0,3,10,4,10.0,5.8,6.5,1633946848251
157,5f90a364720db913241731a7a0354cfc,5,DataPresentation,Baseline,1,0,2.3,3,6.0,1.0,3,16,3,0.0,2.6,4.83,1633946848251
158,5f90a364720db913241731a7a0354cfc,5,DataPresentation,Baseline,2,1,2.42,3,9.0,2.0,2,17,2,0.0,3.0,5.33,1633946848251
159,5f90a364720db913241731a7a0354cfc,4,Order&Grouping,Intervention,2,1,3.05,3,11.0,2.0,3,8,5,0.0,4.2,4.83,1633946848251
160,b1f6fc242a250c65e062ae2af40adb56,4,Order&Grouping,Intervention,2,0,8.27,2,0.0,0.0,0,0,0,0.0,0.0,0.0,1634044658452
161,b1f6fc242a250c65e062ae2af40adb56,8,DataUnderstanding,Intervention,2,0,2.33,2,0.0,0.0,0,0,0,0.0,0.0,0.0,1634044658452
162,b1f6fc242a250c65e062ae2af40adb56,3,Order&Grouping,Baseline,2,0,2.0,2,0.0,0.0,0,0,0,0.0,0.0,0.0,1634044658452
163,b1f6fc242a250c65e062ae2af40adb56,6,DataPresentation,Intervention,2,0,2.05,2,0.0,0.0,0,0,0,0.0,0.0,0.0,1634044658452
164,b1f6fc242a250c65e062ae2af40adb56,5,DataPresentation,Baseline,2,1,1.5,2,0.0,0.0,0,0,0,0.0,0.0,0.0,1634044658452
165,b1f6fc242a250c65e062ae2af40adb56,7,DataUnderstanding,Baseline,1,0,2.1,2,0.0,0.0,0,0,0,0.0,0.0,0.0,1634044658452
166,b1f6fc242a250c65e062ae2af40adb56,3,Order&Grouping,Baseline,1,0,1.15,2,0.0,0.0,0,0,0,0.0,0.0,0.0,1634044658452
167,b1f6fc242a250c65e062ae2af40adb56,6,DataPresentation,Intervention,1,1,1.23,2,0.0,0.0,0,0,0,0.0,0.0,0.0,1634044658452
168,b1f6fc242a250c65e062ae2af40adb56,2,InforOverload,Intervention,2,0,3.1,2,0.0,0.0,0,0,0,0.0,0.0,0.0,1634044658452
169,b1f6fc242a250c65e062ae2af40adb56,4,Order&Grouping,Intervention,1,0,0.73,2,0.0,0.0,0,0,0,0.0,0.0,0.0,1634044658452
170,b1f6fc242a250c65e062ae2af40adb56,1,InforOverload,Baseline,1,0,1.12,2,0.0,0.0,0,0,0,0.0,0.0,0.0,1634044658452
171,b1f6fc242a250c65e062ae2af40adb56,1,InforOverload,Baseline,2,1,2.87,2,0.0,0.0,0,0,0,0.0,0.0,0.0,1634044658452
172,b1f6fc242a250c65e062ae2af40adb56,2,InforOverload,Intervention,1,1,1.05,2,0.0,0.0,0,0,0,0.0,0.0,0.0,1634044658452
173,b1f6fc242a250c65e062ae2af40adb56,5,DataPresentation,Baseline,1,1,1.37,2,0.0,0.0,0,0,0,0.0,0.0,0.0,1634044658452
174,b1f6fc242a250c65e062ae2af40adb56,8,DataUnderstanding,Intervention,1,0,0.88,2,0.0,0.0,0,0,0,0.0,0.0,0.0,1634044658452
175,b1f6fc242a250c65e062ae2af40adb56,7,DataUnderstanding,Baseline,2,0,0.55,2,0.0,0.0,0,0,0,0.0,0.0,0.0,1634044658452
176,bb6022fb633f7756d0c661fce67dab83,7,DataUnderstanding,Baseline,2,1,3.8,3,15.0,0.0,5,5,5,5.0,6.0,5.83,1634049516613
177,bb6022fb633f7756d0c661fce67dab83,5,DataPresentation,Baseline,2,0,2.2,3,10.0,0.0,2,0,0,0.0,2.4,2.0,1634049516613
178,bb6022fb633f7756d0c661fce67dab83,7,DataUnderstanding,Baseline,1,0,2.27,3,5.0,0.0,0,0,0,0.0,1.0,0.83,1634049516613
179,bb6022fb633f7756d0c661fce67dab83,3,Order&Grouping,Baseline,2,0,4.68,3,6.0,0.0,6,0,6,0.0,3.6,3.0,1634049516613
180,bb6022fb633f7756d0c661fce67dab83,1,InforOverload,Baseline,1,1,1.93,3,4.0,0.0,2,0,1,0.0,1.4,1.17,1634049516613
181,bb6022fb633f7756d0c661fce67dab83,1,InforOverload,Baseline,2,1,1.6,3,1.0,0.0,0,0,0,0.0,0.2,0.17,1634049516613
182,bb6022fb633f7756d0c661fce67dab83,6,DataPresentation,Intervention,2,1,3.93,3,6.0,0.0,0,0,6,2.0,2.8,2.33,1634049516613
183,bb6022fb633f7756d0c661fce67dab83,6,DataPresentation,Intervention,1,1,1.75,3,2.0,0.0,0,0,2,0.0,0.8,0.67,1634049516613
184,bb6022fb633f7756d0c661fce67dab83,8,DataUnderstanding,Intervention,2,0,5.35,3,0.0,0.0,0,0,0,20.0,4.0,3.33,1634049516613
185,bb6022fb633f7756d0c661fce67dab83,8,DataUnderstanding,Intervention,1,0,4.2,3,0.0,0.0,0,0,0,20.0,4.0,3.33,1634049516613
186,bb6022fb633f7756d0c661fce67dab83,3,Order&Grouping,Baseline,1,1,3.12,3,8.0,0.0,0,0,0,10.0,3.6,3.0,1634049516613
187,bb6022fb633f7756d0c661fce67dab83,4,Order&Grouping,Intervention,1,0,3.17,3,2.0,0.0,0,0,0,2.0,0.8,0.67,1634049516613
188,bb6022fb633f7756d0c661fce67dab83,2,InforOverload,Intervention,2,0,2.27,3,6.0,0.0,0,0,0,1.0,1.4,1.17,1634049516613
189,bb6022fb633f7756d0c661fce67dab83,5,DataPresentation,Baseline,1,0,3.1,3,3.0,0.0,2,1,1,3.0,1.8,1.67,1634049516613
190,bb6022fb633f7756d0c661fce67dab83,2,InforOverload,Intervention,1,1,1.75,3,2.0,0.0,0,0,0,0.0,0.4,0.33,1634049516613
191,bb6022fb633f7756d0c661fce67dab83,4,Order&Grouping,Intervention,2,0,4.25,3,1.0,0.0,0,0,1,1.0,0.6,0.5,1634049516613
192,6d302f8daa645e62128da0cecafc2ecf,3,Order&Grouping,Baseline,2,0,3.98,2,10.0,2.0,2,14,10,10.0,6.8,8.0,1634070437218
193,6d302f8daa645e62128da0cecafc2ecf,2,InforOverload,Intervention,1,1,2.78,2,6.0,2.0,2,16,6,6.0,4.4,6.33,1634070437218
194,6d302f8daa645e62128da0cecafc2ecf,3,Order&Grouping,Baseline,1,1,3.88,2,7.0,8.0,4,10,9,12.0,8.0,8.33,1634070437218
195,6d302f8daa645e62128da0cecafc2ecf,5,DataPresentation,Baseline,2,1,2.07,2,8.0,10.0,4,8,8,8.0,7.6,7.67,1634070437218
196,6d302f8daa645e62128da0cecafc2ecf,1,InforOverload,Baseline,1,0,1.5,2,6.0,5.0,2,8,5,3.0,4.2,4.83,1634070437218
197,6d302f8daa645e62128da0cecafc2ecf,6,DataPresentation,Intervention,2,1,2.15,2,8.0,2.0,2,16,8,6.0,5.2,7.0,1634070437218
198,6d302f8daa645e62128da0cecafc2ecf,4,Order&Grouping,Intervention,1,0,2.37,2,4.0,8.0,2,16,6,2.0,4.4,6.33,1634070437218
199,6d302f8daa645e62128da0cecafc2ecf,8,DataUnderstanding,Intervention,1,0,1.68,2,11.0,6.0,2,6,12,12.0,8.6,8.17,1634070437218
200,6d302f8daa645e62128da0cecafc2ecf,2,InforOverload,Intervention,2,0,2.02,2,7.0,5.0,2,12,5,5.0,4.8,6.0,1634070437218
201,6d302f8daa645e62128da0cecafc2ecf,7,DataUnderstanding,Baseline,2,1,1.2,2,7.0,4.0,2,16,4,2.0,3.8,5.83,1634070437218
202,6d302f8daa645e62128da0cecafc2ecf,5,DataPresentation,Baseline,1,1,1.78,2,4.0,4.0,2,15,5,3.0,3.6,5.5,1634070437218
203,6d302f8daa645e62128da0cecafc2ecf,4,Order&Grouping,Intervention,2,0,1.85,2,8.0,4.0,2,8,6,8.0,5.6,6.0,1634070437218
204,6d302f8daa645e62128da0cecafc2ecf,6,DataPresentation,Intervention,1,1,1.07,2,5.0,4.0,2,12,4,4.0,3.8,5.17,1634070437218
205,6d302f8daa645e62128da0cecafc2ecf,8,DataUnderstanding,Intervention,2,1,2.87,2,6.0,6.0,2,10,7,5.0,5.2,6.0,1634070437218
206,6d302f8daa645e62128da0cecafc2ecf,1,InforOverload,Baseline,2,0,1.22,2,6.0,8.0,2,16,6,6.0,5.6,7.33,1634070437218
207,6d302f8daa645e62128da0cecafc2ecf,7,DataUnderstanding,Baseline,1,1,1.52,2,6.0,4.0,1,19,6,3.0,4.0,6.5,1634070437218
208,7f3fc5e6f32c3bd93198a74b00d98db1,8,DataUnderstanding,Intervention,2,1,1.72,4,1.0,0.0,0,19,1,1.0,0.6,3.67,1634076866823
209,7f3fc5e6f32c3bd93198a74b00d98db1,7,DataUnderstanding,Baseline,2,0,2.05,4,1.0,0.0,0,15,1,3.0,1.0,3.33,1634076866823
210,7f3fc5e6f32c3bd93198a74b00d98db1,3,Order&Grouping,Baseline,2,0,3.13,4,1.0,0.0,0,2,1,5.0,1.4,1.5,1634076866823
211,7f3fc5e6f32c3bd93198a74b00d98db1,2,InforOverload,Intervention,2,0,0.82,4,3.0,0.0,0,10,2,3.0,1.6,3.0,1634076866823
212,7f3fc5e6f32c3bd93198a74b00d98db1,5,DataPresentation,Baseline,2,1,0.7,4,1.0,0.0,0,19,1,1.0,0.6,3.67,1634076866823
213,7f3fc5e6f32c3bd93198a74b00d98db1,8,DataUnderstanding,Intervention,1,0,2.25,4,2.0,0.0,0,10,2,3.0,1.4,2.83,1634076866823
214,7f3fc5e6f32c3bd93198a74b00d98db1,4,Order&Grouping,Intervention,2,0,0.78,4,1.0,0.0,0,19,1,1.0,0.6,3.67,1634076866823
215,7f3fc5e6f32c3bd93198a74b00d98db1,2,InforOverload,Intervention,1,1,3.2,4,1.0,0.0,0,19,1,2.0,0.8,3.83,1634076866823
216,7f3fc5e6f32c3bd93198a74b00d98db1,6,DataPresentation,Intervention,2,1,0.55,4,1.0,0.0,0,19,1,1.0,0.6,3.67,1634076866823
217,7f3fc5e6f32c3bd93198a74b00d98db1,6,DataPresentation,Intervention,1,0,0.63,4,1.0,0.0,0,0,1,3.0,1.0,0.83,1634076866823
218,7f3fc5e6f32c3bd93198a74b00d98db1,5,DataPresentation,Baseline,1,0,0.9,4,1.0,0.0,0,10,1,3.0,1.0,2.5,1634076866823
219,7f3fc5e6f32c3bd93198a74b00d98db1,4,Order&Grouping,Intervention,1,0,1.78,4,1.0,0.0,0,0,1,2.0,0.8,0.67,1634076866823
220,7f3fc5e6f32c3bd93198a74b00d98db1,1,InforOverload,Baseline,2,1,1.68,4,1.0,0.0,0,19,1,1.0,0.6,3.67,1634076866823
221,7f3fc5e6f32c3bd93198a74b00d98db1,3,Order&Grouping,Baseline,1,0,2.47,4,2.0,0.0,0,17,1,1.0,0.8,3.5,1634076866823
222,7f3fc5e6f32c3bd93198a74b00d98db1,7,DataUnderstanding,Baseline,1,1,1.98,4,1.0,0.0,0,19,2,1.0,0.8,3.83,1634076866823
223,7f3fc5e6f32c3bd93198a74b00d98db1,1,InforOverload,Baseline,1,0,1.62,4,1.0,0.0,0,19,2,1.0,0.8,3.83,1634076866823
224,c9f4a46fee34c2caf1da93f508fcbdfd,1,InforOverload,Baseline,2,1,9.32,4,10.0,5.0,2,20,4,6.0,5.4,7.83,1634241081861
225,c9f4a46fee34c2caf1da93f508fcbdfd,3,Order&Grouping,Baseline,2,1,4.25,4,15.0,2.0,1,20,16,9.0,8.6,10.5,1634241081861
226,c9f4a46fee34c2caf1da93f508fcbdfd,8,DataUnderstanding,Intervention,1,0,3.92,4,6.0,3.0,1,19,10,15.0,7.0,9.0,1634241081861
227,c9f4a46fee34c2caf1da93f508fcbdfd,4,Order&Grouping,Intervention,1,0,3.22,4,3.0,2.0,1,16,9,7.0,4.4,6.33,1634241081861
228,c9f4a46fee34c2caf1da93f508fcbdfd,6,DataPresentation,Intervention,2,1,2.48,4,3.0,3.0,1,17,3,1.0,2.2,4.67,1634241081861
229,c9f4a46fee34c2caf1da93f508fcbdfd,7,DataUnderstanding,Baseline,2,1,3.55,4,7.0,4.0,1,8,7,4.0,4.6,5.17,1634241081861
230,c9f4a46fee34c2caf1da93f508fcbdfd,2,InforOverload,Intervention,1,1,1.65,4,5.0,5.0,1,20,3,4.0,3.6,6.33,1634241081861
231,c9f4a46fee34c2caf1da93f508fcbdfd,7,DataUnderstanding,Baseline,1,1,3.08,4,10.0,7.0,1,16,6,5.0,5.8,7.5,1634241081861
232,c9f4a46fee34c2caf1da93f508fcbdfd,5,DataPresentation,Baseline,2,1,2.65,4,11.0,3.0,1,17,9,16.0,8.0,9.5,1634241081861
233,c9f4a46fee34c2caf1da93f508fcbdfd,6,DataPresentation,Intervention,1,1,1.85,4,4.0,3.0,1,16,14,5.0,5.4,7.17,1634241081861
234,c9f4a46fee34c2caf1da93f508fcbdfd,8,DataUnderstanding,Intervention,2,0,3.17,4,13.0,13.0,1,14,16,19.0,12.4,12.67,1634241081861
235,c9f4a46fee34c2caf1da93f508fcbdfd,1,InforOverload,Baseline,1,0,0.9,4,6.0,4.0,1,17,1,1.0,2.6,5.0,1634241081861
236,c9f4a46fee34c2caf1da93f508fcbdfd,3,Order&Grouping,Baseline,1,0,1.27,4,2.0,1.0,1,12,2,1.0,1.4,3.17,1634241081861
237,c9f4a46fee34c2caf1da93f508fcbdfd,5,DataPresentation,Baseline,1,1,1.12,4,3.0,2.0,1,14,2,1.0,1.8,3.83,1634241081861
238,c9f4a46fee34c2caf1da93f508fcbdfd,2,InforOverload,Intervention,2,0,1.55,4,2.0,2.0,1,16,7,3.0,3.0,5.17,1634241081861
239,c9f4a46fee34c2caf1da93f508fcbdfd,4,Order&Grouping,Intervention,2,0,2.22,4,11.0,4.0,2,10,15,14.0,9.2,9.33,1634241081861
240,7c6d6e3a84fde4961c385a14a74089b9,2,InforOverload,Intervention,1,1,2.95,2,2.0,0.0,0,20,2,0.0,0.8,4.0,1634480280735
241,7c6d6e3a84fde4961c385a14a74089b9,3,Order&Grouping,Baseline,2,1,4.95,2,3.0,0.0,3,20,2,0.0,1.6,4.67,1634480280735
242,7c6d6e3a84fde4961c385a14a74089b9,8,DataUnderstanding,Intervention,2,1,3.77,2,2.0,0.0,3,20,0,1.0,1.2,4.33,1634480280735
243,7c6d6e3a84fde4961c385a14a74089b9,8,DataUnderstanding,Intervention,1,1,7.67,2,4.0,0.0,4,15,2,2.0,2.4,4.5,1634480280735
244,7c6d6e3a84fde4961c385a14a74089b9,1,InforOverload,Baseline,1,0,1.92,2,1.0,0.0,1,18,1,0.0,0.6,3.5,1634480280735
245,7c6d6e3a84fde4961c385a14a74089b9,5,DataPresentation,Baseline,2,1,3.3,2,1.0,0.0,1,18,1,0.0,0.6,3.5,1634480280735
246,7c6d6e3a84fde4961c385a14a74089b9,4,Order&Grouping,Intervention,2,0,5.78,2,4.0,0.0,4,15,5,3.0,3.2,5.17,1634480280735
247,7c6d6e3a84fde4961c385a14a74089b9,4,Order&Grouping,Intervention,1,0,2.57,2,2.0,0.0,1,18,1,0.0,0.8,3.67,1634480280735
248,7c6d6e3a84fde4961c385a14a74089b9,1,InforOverload,Baseline,2,1,1.55,2,2.0,0.0,6,20,2,0.0,2.0,5.0,1634480280735
249,7c6d6e3a84fde4961c385a14a74089b9,7,DataUnderstanding,Baseline,1,0,4.92,2,5.0,0.0,5,20,5,2.0,3.4,6.17,1634480280735
250,7c6d6e3a84fde4961c385a14a74089b9,3,Order&Grouping,Baseline,1,1,4.18,2,3.0,0.0,2,15,2,1.0,1.6,3.83,1634480280735
251,7c6d6e3a84fde4961c385a14a74089b9,5,DataPresentation,Baseline,1,0,1.88,2,2.0,0.0,2,20,2,0.0,1.2,4.33,1634480280735
252,7c6d6e3a84fde4961c385a14a74089b9,6,DataPresentation,Intervention,2,1,1.52,2,2.0,0.0,1,20,1,0.0,0.8,4.0,1634480280735
253,7c6d6e3a84fde4961c385a14a74089b9,2,InforOverload,Intervention,2,1,4.07,2,2.0,1.0,2,17,3,2.0,2.0,4.5,1634480280735
254,7c6d6e3a84fde4961c385a14a74089b9,6,DataPresentation,Intervention,1,1,1.85,2,2.0,0.0,1,19,2,0.0,1.0,4.0,1634480280735
255,7c6d6e3a84fde4961c385a14a74089b9,7,DataUnderstanding,Baseline,2,1,3.43,2,3.0,0.0,2,20,2,0.0,1.4,4.5,1634480280735
256,b7f7ffdc8a5100faf94e667fff68541e,2,InforOverload,Intervention,2,0,9.87,2,14.0,0.0,16,8,16,17.0,12.6,11.83,1634637167060
257,b7f7ffdc8a5100faf94e667fff68541e,5,DataPresentation,Baseline,2,0,4.82,2,8.0,0.0,4,8,6,2.0,4.0,4.67,1634637167060
258,b7f7ffdc8a5100faf94e667fff68541e,1,InforOverload,Baseline,2,1,6.67,2,10.0,0.0,8,8,10,6.0,6.8,7.0,1634637167060
259,b7f7ffdc8a5100faf94e667fff68541e,6,DataPresentation,Intervention,2,1,1.62,2,2.0,0.0,1,16,1,0.0,0.8,3.33,1634637167060
260,b7f7ffdc8a5100faf94e667fff68541e,2,InforOverload,Intervention,1,1,1.97,2,6.0,0.0,4,12,3,1.0,2.8,4.33,1634637167060
261,b7f7ffdc8a5100faf94e667fff68541e,8,DataUnderstanding,Intervention,2,1,2.47,2,2.0,1.0,2,10,2,0.0,1.4,2.83,1634637167060
262,b7f7ffdc8a5100faf94e667fff68541e,3,Order&Grouping,Baseline,1,0,1.82,2,0.0,0.0,1,12,1,0.0,0.4,2.33,1634637167060
263,b7f7ffdc8a5100faf94e667fff68541e,8,DataUnderstanding,Intervention,1,0,2.13,2,1.0,1.0,4,6,3,1.0,2.0,2.67,1634637167060
264,b7f7ffdc8a5100faf94e667fff68541e,5,DataPresentation,Baseline,1,0,3.2,2,4.0,1.0,6,8,2,2.0,3.0,3.83,1634637167060
265,b7f7ffdc8a5100faf94e667fff68541e,1,InforOverload,Baseline,1,0,1.83,2,2.0,1.0,3,12,1,0.0,1.4,3.17,1634637167060
266,b7f7ffdc8a5100faf94e667fff68541e,7,DataUnderstanding,Baseline,2,1,2.02,2,2.0,1.0,4,14,1,0.0,1.6,3.67,1634637167060
267,b7f7ffdc8a5100faf94e667fff68541e,4,Order&Grouping,Intervention,1,0,2.15,2,1.0,0.0,1,14,1,0.0,0.6,2.83,1634637167060
268,b7f7ffdc8a5100faf94e667fff68541e,7,DataUnderstanding,Baseline,1,1,1.25,2,0.0,1.0,1,17,0,0.0,0.4,3.17,1634637167060
269,b7f7ffdc8a5100faf94e667fff68541e,4,Order&Grouping,Intervention,2,1,3.73,2,2.0,1.0,2,5,1,0.0,1.2,1.83,1634637167060
270,b7f7ffdc8a5100faf94e667fff68541e,3,Order&Grouping,Baseline,2,0,2.52,2,3.0,1.0,1,6,0,0.0,1.0,1.83,1634637167060
271,b7f7ffdc8a5100faf94e667fff68541e,6,DataPresentation,Intervention,1,1,1.18,2,2.0,1.0,5,1,1,0.0,1.8,1.67,1634637167060
272,8709bf344c8d1cd6febad95014ecdecb,4,Order&Grouping,Intervention,2,0,11.43,4,14.0,13.0,14,12,12,10.0,12.6,12.5,1634813786420
273,8709bf344c8d1cd6febad95014ecdecb,6,DataPresentation,Intervention,1,1,6.85,4,12.0,10.0,16,18,12,4.0,10.8,12.0,1634813786420
274,8709bf344c8d1cd6febad95014ecdecb,2,InforOverload,Intervention,2,0,4.95,4,12.0,9.0,12,16,14,14.0,12.2,12.83,1634813786420
275,8709bf344c8d1cd6febad95014ecdecb,7,DataUnderstanding,Baseline,2,1,4.08,4,14.0,8.0,12,18,15,11.0,12.0,13.0,1634813786420
276,8709bf344c8d1cd6febad95014ecdecb,4,Order&Grouping,Intervention,1,0,3.53,4,12.0,10.0,14,18,11,9.0,11.2,12.33,1634813786420
277,8709bf344c8d1cd6febad95014ecdecb,8,DataUnderstanding,Intervention,2,1,3.28,4,12.0,10.0,13,18,10,9.0,10.8,12.0,1634813786420
278,8709bf344c8d1cd6febad95014ecdecb,7,DataUnderstanding,Baseline,1,1,3.57,4,12.0,9.0,11,18,7,7.0,9.2,10.67,1634813786420
279,8709bf344c8d1cd6febad95014ecdecb,2,InforOverload,Intervention,1,1,3.73,4,12.0,10.0,14,18,14,12.0,12.4,13.33,1634813786420
280,8709bf344c8d1cd6febad95014ecdecb,1,InforOverload,Baseline,2,1,4.48,4,16.0,10.0,15,15,10,9.0,12.0,12.5,1634813786420
281,8709bf344c8d1cd6febad95014ecdecb,3,Order&Grouping,Baseline,1,1,1.88,4,10.0,10.0,14,18,9,9.0,10.4,11.67,1634813786420
282,8709bf344c8d1cd6febad95014ecdecb,1,InforOverload,Baseline,1,0,1.8,4,10.0,10.0,15,19,7,7.0,9.8,11.33,1634813786420
283,8709bf344c8d1cd6febad95014ecdecb,8,DataUnderstanding,Intervention,1,0,5.57,4,8.0,9.0,15,14,12,12.0,11.2,11.67,1634813786420
284,8709bf344c8d1cd6febad95014ecdecb,5,DataPresentation,Baseline,1,1,4.22,4,14.0,7.0,16,14,8,8.0,10.6,11.17,1634813786420
285,8709bf344c8d1cd6febad95014ecdecb,5,DataPresentation,Baseline,2,0,3.12,4,10.0,7.0,14,16,8,6.0,9.0,10.17,1634813786420
286,8709bf344c8d1cd6febad95014ecdecb,3,Order&Grouping,Baseline,2,1,3.27,4,16.0,8.0,15,18,8,8.0,11.0,12.17,1634813786420
287,8709bf344c8d1cd6febad95014ecdecb,6,DataPresentation,Intervention,2,0,6.15,4,14.0,8.0,15,13,12,12.0,12.2,12.33,1634813786420
288,563c605ab2431235403529acbc04533c,8,DataUnderstanding,Intervention,2,1,4.6,3,10.0,4.0,0,14,8,5.0,5.4,6.83,1634817025832
289,563c605ab2431235403529acbc04533c,2,InforOverload,Intervention,1,1,1.27,3,1.0,1.0,1,15,1,1.0,1.0,3.33,1634817025832
290,563c605ab2431235403529acbc04533c,7,DataUnderstanding,Baseline,1,1,3.57,3,10.0,6.0,2,16,12,10.0,8.0,9.33,1634817025832
291,563c605ab2431235403529acbc04533c,4,Order&Grouping,Intervention,2,0,2.7,3,15.0,2.0,1,6,2,15.0,7.0,6.83,1634817025832
292,563c605ab2431235403529acbc04533c,4,Order&Grouping,Intervention,1,0,3.18,3,10.0,3.0,1,10,12,9.0,7.0,7.5,1634817025832
293,563c605ab2431235403529acbc04533c,5,DataPresentation,Baseline,1,1,2.32,3,2.0,1.0,1,11,15,6.0,5.0,6.0,1634817025832
294,563c605ab2431235403529acbc04533c,8,DataUnderstanding,Intervention,1,1,2.78,3,5.0,4.0,1,10,10,16.0,7.2,7.67,1634817025832
295,563c605ab2431235403529acbc04533c,3,Order&Grouping,Baseline,1,1,2.07,3,2.0,2.0,0,12,2,2.0,1.6,3.33,1634817025832
296,563c605ab2431235403529acbc04533c,6,DataPresentation,Intervention,2,1,2.52,3,8.0,9.0,2,13,3,12.0,6.8,7.83,1634817025832
297,563c605ab2431235403529acbc04533c,2,InforOverload,Intervention,2,0,2.7,3,9.0,2.0,1,16,2,3.0,3.4,5.5,1634817025832
298,563c605ab2431235403529acbc04533c,6,DataPresentation,Intervention,1,1,1.85,3,4.0,1.0,1,12,2,3.0,2.2,3.83,1634817025832
299,563c605ab2431235403529acbc04533c,3,Order&Grouping,Baseline,2,1,2.7,3,4.0,5.0,1,13,2,12.0,4.8,6.17,1634817025832
300,563c605ab2431235403529acbc04533c,1,InforOverload,Baseline,2,1,4.7,3,2.0,1.0,1,16,1,1.0,1.2,3.67,1634817025832
301,563c605ab2431235403529acbc04533c,7,DataUnderstanding,Baseline,2,0,2.38,3,2.0,2.0,1,15,1,1.0,1.4,3.67,1634817025832
302,563c605ab2431235403529acbc04533c,1,InforOverload,Baseline,1,0,1.22,3,1.0,1.0,1,16,1,1.0,1.0,3.5,1634817025832
303,563c605ab2431235403529acbc04533c,5,DataPresentation,Baseline,2,1,2.72,3,10.0,3.0,1,9,17,10.0,8.2,8.33,1634817025832
304,59504c500d31854553e4ba6e58d66a79,3,Order&Grouping,Baseline,1,1,3.12,3,12.0,6.0,12,11,12,14.0,11.2,11.17,1634823488711
305,59504c500d31854553e4ba6e58d66a79,6,DataPresentation,Intervention,2,1,5.97,3,14.0,4.0,10,12,12,2.0,8.4,9.0,1634823488711
306,59504c500d31854553e4ba6e58d66a79,7,DataUnderstanding,Baseline,1,1,1.27,3,10.0,2.0,10,8,2,0.0,4.8,5.33,1634823488711
307,59504c500d31854553e4ba6e58d66a79,1,InforOverload,Baseline,2,1,2.52,3,12.0,4.0,10,6,4,2.0,6.4,6.33,1634823488711
308,59504c500d31854553e4ba6e58d66a79,4,Order&Grouping,Intervention,1,1,1.75,3,10.0,4.0,10,14,6,1.0,6.2,7.5,1634823488711
309,59504c500d31854553e4ba6e58d66a79,1,InforOverload,Baseline,1,0,0.73,3,4.0,2.0,10,14,2,0.0,3.6,5.33,1634823488711
310,59504c500d31854553e4ba6e58d66a79,8,DataUnderstanding,Intervention,2,0,4.75,3,10.0,2.0,10,8,2,2.0,5.2,5.67,1634823488711
311,59504c500d31854553e4ba6e58d66a79,8,DataUnderstanding,Intervention,1,1,2.53,3,10.0,2.0,10,4,2,4.0,5.6,5.33,1634823488711
312,59504c500d31854553e4ba6e58d66a79,7,DataUnderstanding,Baseline,2,0,1.4,3,6.0,2.0,10,8,1,1.0,4.0,4.67,1634823488711
313,59504c500d31854553e4ba6e58d66a79,5,DataPresentation,Baseline,2,1,1.78,3,9.0,6.0,10,5,6,6.0,7.4,7.0,1634823488711
314,59504c500d31854553e4ba6e58d66a79,4,Order&Grouping,Intervention,2,0,2.5,3,10.0,4.0,10,5,3,3.0,6.0,5.83,1634823488711
315,59504c500d31854553e4ba6e58d66a79,5,DataPresentation,Baseline,1,0,1.48,3,6.0,3.0,10,6,2,2.0,4.6,4.83,1634823488711
316,59504c500d31854553e4ba6e58d66a79,2,InforOverload,Intervention,2,0,1.93,3,9.0,2.0,10,5,4,4.0,5.8,5.67,1634823488711
317,59504c500d31854553e4ba6e58d66a79,2,InforOverload,Intervention,1,1,0.72,3,6.0,3.0,6,4,1,1.0,3.4,3.5,1634823488711
318,59504c500d31854553e4ba6e58d66a79,3,Order&Grouping,Baseline,2,1,3.13,3,10.0,4.0,7,5,3,3.0,5.4,5.33,1634823488711
319,59504c500d31854553e4ba6e58d66a79,6,DataPresentation,Intervention,1,1,1.45,3,6.0,2.0,10,6,2,2.0,4.4,4.67,1634823488711
320,381832119aa48b508a880a0c9eedad56,2,InforOverload,Intervention,2,0,6.68,3,4.0,2.0,2,9,2,0.0,2.0,3.17,1634828887623
321,381832119aa48b508a880a0c9eedad56,4,Order&Grouping,Intervention,2,0,4.72,3,6.0,2.0,3,8,4,2.0,3.4,4.17,1634828887623
322,381832119aa48b508a880a0c9eedad56,1,InforOverload,Baseline,1,0,3.12,3,6.0,1.0,2,10,6,2.0,3.4,4.5,1634828887623
323,381832119aa48b508a880a0c9eedad56,5,DataPresentation,Baseline,1,1,2.17,3,2.0,2.0,2,13,2,0.0,1.6,3.5,1634828887623
324,381832119aa48b508a880a0c9eedad56,2,InforOverload,Intervention,1,1,2.08,3,2.0,1.0,1,18,1,0.0,1.0,3.83,1634828887623
325,381832119aa48b508a880a0c9eedad56,8,DataUnderstanding,Intervention,2,1,3.57,3,5.0,1.0,2,11,3,1.0,2.4,3.83,1634828887623
326,381832119aa48b508a880a0c9eedad56,8,DataUnderstanding,Intervention,1,0,3.65,3,5.0,1.0,2,3,3,4.0,3.0,3.0,1634828887623
327,381832119aa48b508a880a0c9eedad56,5,DataPresentation,Baseline,2,0,2.28,3,5.0,1.0,2,8,1,1.0,2.0,3.0,1634828887623
328,381832119aa48b508a880a0c9eedad56,3,Order&Grouping,Baseline,1,1,1.65,3,2.0,0.0,1,18,1,1.0,1.0,3.83,1634828887623
329,381832119aa48b508a880a0c9eedad56,7,DataUnderstanding,Baseline,1,1,1.93,3,2.0,1.0,1,13,1,1.0,1.2,3.17,1634828887623
330,381832119aa48b508a880a0c9eedad56,4,Order&Grouping,Intervention,1,0,2.43,3,3.0,3.0,1,8,2,2.0,2.2,3.17,1634828887623
331,381832119aa48b508a880a0c9eedad56,6,DataPresentation,Intervention,2,0,2.57,3,4.0,2.0,2,9,4,3.0,3.0,4.0,1634828887623
332,381832119aa48b508a880a0c9eedad56,7,DataUnderstanding,Baseline,2,1,3.78,3,5.0,3.0,4,2,5,5.0,4.4,4.0,1634828887623
333,381832119aa48b508a880a0c9eedad56,6,DataPresentation,Intervention,1,1,1.22,3,3.0,2.0,2,14,2,2.0,2.2,4.17,1634828887623
334,381832119aa48b508a880a0c9eedad56,3,Order&Grouping,Baseline,2,0,2.08,3,4.0,3.0,4,7,1,3.0,3.0,3.67,1634828887623
335,381832119aa48b508a880a0c9eedad56,1,InforOverload,Baseline,2,0,1.48,3,2.0,1.0,2,2,2,0.0,1.4,1.5,1634828887623
336,4eff1a680bae368f455998149cfdabc4,5,DataPresentation,Baseline,1,1,1.1,3,1.0,0.0,1,19,1,1.0,0.8,3.83,1634840675394
337,4eff1a680bae368f455998149cfdabc4,8,DataUnderstanding,Intervention,1,0,2.17,3,2.0,1.0,2,17,1,2.0,1.6,4.17,1634840675394
338,4eff1a680bae368f455998149cfdabc4,3,Order&Grouping,Baseline,2,0,1.78,3,1.0,0.0,0,16,1,0.0,0.4,3.0,1634840675394
339,4eff1a680bae368f455998149cfdabc4,8,DataUnderstanding,Intervention,2,1,1.33,3,4.0,0.0,0,19,2,0.0,1.2,4.17,1634840675394
340,4eff1a680bae368f455998149cfdabc4,4,Order&Grouping,Intervention,2,0,1.13,3,4.0,0.0,4,13,3,0.0,2.2,4.0,1634840675394
341,4eff1a680bae368f455998149cfdabc4,7,DataUnderstanding,Baseline,2,0,1.75,3,2.0,0.0,0,10,2,6.0,2.0,3.33,1634840675394
342,4eff1a680bae368f455998149cfdabc4,2,InforOverload,Intervention,2,1,1.68,3,3.0,2.0,3,12,3,4.0,3.0,4.5,1634840675394
343,4eff1a680bae368f455998149cfdabc4,6,DataPresentation,Intervention,2,1,1.28,3,2.0,0.0,1,18,3,0.0,1.2,4.0,1634840675394
344,4eff1a680bae368f455998149cfdabc4,7,DataUnderstanding,Baseline,1,1,1.77,3,8.0,1.0,1,17,0,0.0,2.0,4.5,1634840675394
345,4eff1a680bae368f455998149cfdabc4,6,DataPresentation,Intervention,1,1,1.05,3,2.0,0.0,1,19,0,0.0,0.6,3.67,1634840675394
346,4eff1a680bae368f455998149cfdabc4,5,DataPresentation,Baseline,2,0,0.67,3,1.0,0.0,0,19,1,0.0,0.4,3.5,1634840675394
347,4eff1a680bae368f455998149cfdabc4,2,InforOverload,Intervention,1,1,0.65,3,1.0,0.0,0,20,0,0.0,0.2,3.5,1634840675394
348,4eff1a680bae368f455998149cfdabc4,4,Order&Grouping,Intervention,1,1,1.9,3,6.0,3.0,0,19,4,0.0,2.6,5.33,1634840675394
349,4eff1a680bae368f455998149cfdabc4,1,InforOverload,Baseline,1,0,0.98,3,2.0,1.0,0,19,0,0.0,0.6,3.67,1634840675394
350,4eff1a680bae368f455998149cfdabc4,1,InforOverload,Baseline,2,1,0.8,3,1.0,2.0,0,19,0,0.0,0.6,3.67,1634840675394
351,4eff1a680bae368f455998149cfdabc4,3,Order&Grouping,Baseline,1,1,1.05,3,1.0,2.0,0,19,0,0.0,0.6,3.67,1634840675394
352,fb41eb20d590a102fe2bbf10d7e6b824,6,DataPresentation,Intervention,1,1,4.88,4,2.0,0.0,16,14,2,14.0,6.8,8.0,1634902121403
353,fb41eb20d590a102fe2bbf10d7e6b824,3,Order&Grouping,Baseline,2,1,8.03,4,10.0,0.0,10,10,12,14.0,9.2,9.33,1634902121403
354,fb41eb20d590a102fe2bbf10d7e6b824,3,Order&Grouping,Baseline,1,1,2.33,4,4.0,0.0,2,14,2,2.0,2.0,4.0,1634902121403
355,fb41eb20d590a102fe2bbf10d7e6b824,4,Order&Grouping,Intervention,1,0,3.58,4,6.0,0.0,4,14,4,10.0,4.8,6.33,1634902121403
356,fb41eb20d590a102fe2bbf10d7e6b824,7,DataUnderstanding,Baseline,2,0,4.68,4,4.0,0.0,10,4,10,16.0,8.0,7.33,1634902121403
357,fb41eb20d590a102fe2bbf10d7e6b824,8,DataUnderstanding,Intervention,2,0,5.52,4,12.0,0.0,2,10,12,8.0,6.8,7.33,1634902121403
358,fb41eb20d590a102fe2bbf10d7e6b824,2,InforOverload,Intervention,2,0,3.48,4,8.0,0.0,1,10,4,1.0,2.8,4.0,1634902121403
359,fb41eb20d590a102fe2bbf10d7e6b824,5,DataPresentation,Baseline,1,1,1.7,4,1.0,0.0,0,14,1,0.0,0.4,2.67,1634902121403
360,fb41eb20d590a102fe2bbf10d7e6b824,8,DataUnderstanding,Intervention,1,1,6.32,4,10.0,0.0,10,2,14,14.0,9.6,8.33,1634902121403
361,fb41eb20d590a102fe2bbf10d7e6b824,7,DataUnderstanding,Baseline,1,1,1.88,4,2.0,0.0,0,14,2,1.0,1.0,3.17,1634902121403
362,fb41eb20d590a102fe2bbf10d7e6b824,1,InforOverload,Baseline,1,0,1.98,4,2.0,0.0,0,10,2,1.0,1.0,2.5,1634902121403
363,fb41eb20d590a102fe2bbf10d7e6b824,4,Order&Grouping,Intervention,2,0,5.87,4,10.0,0.0,4,4,14,10.0,7.6,7.0,1634902121403
364,fb41eb20d590a102fe2bbf10d7e6b824,6,DataPresentation,Intervention,2,0,3.82,4,4.0,0.0,0,16,2,2.0,1.6,4.0,1634902121403
365,fb41eb20d590a102fe2bbf10d7e6b824,1,InforOverload,Baseline,2,1,2.0,4,2.0,0.0,0,12,2,0.0,0.8,2.67,1634902121403
366,fb41eb20d590a102fe2bbf10d7e6b824,5,DataPresentation,Baseline,2,0,2.67,4,1.0,0.0,0,16,1,0.0,0.4,3.0,1634902121403
367,fb41eb20d590a102fe2bbf10d7e6b824,2,InforOverload,Intervention,1,1,1.6,4,1.0,0.0,0,16,1,0.0,0.4,3.0,1634902121403
368,4de1aa31143aa3bfba0ea210c26e4143,5,DataPresentation,Baseline,2,1,3.3,4,11.0,3.0,11,18,14,9.0,9.6,11.0,1634911855929
369,4de1aa31143aa3bfba0ea210c26e4143,2,InforOverload,Intervention,2,1,4.97,4,15.0,19.0,12,18,18,14.0,15.6,16.0,1634911855929
370,4de1aa31143aa3bfba0ea210c26e4143,2,InforOverload,Intervention,1,1,2.62,4,2.0,3.0,4,18,5,2.0,3.2,5.67,1634911855929
371,4de1aa31143aa3bfba0ea210c26e4143,3,Order&Grouping,Baseline,1,0,3.55,4,18.0,18.0,19,18,18,19.0,18.4,18.33,1634911855929
372,4de1aa31143aa3bfba0ea210c26e4143,8,DataUnderstanding,Intervention,2,1,3.7,4,5.0,7.0,3,19,4,3.0,4.4,6.83,1634911855929
373,4de1aa31143aa3bfba0ea210c26e4143,7,DataUnderstanding,Baseline,2,1,2.72,4,3.0,6.0,5,18,3,3.0,4.0,6.33,1634911855929
374,4de1aa31143aa3bfba0ea210c26e4143,1,InforOverload,Baseline,1,0,1.8,4,6.0,6.0,6,18,6,10.0,6.8,8.67,1634911855929
375,4de1aa31143aa3bfba0ea210c26e4143,6,DataPresentation,Intervention,1,0,1.93,4,2.0,2.0,2,19,2,1.0,1.8,4.67,1634911855929
376,4de1aa31143aa3bfba0ea210c26e4143,1,InforOverload,Baseline,2,1,1.23,4,1.0,1.0,1,13,1,2.0,1.2,3.17,1634911855929
377,4de1aa31143aa3bfba0ea210c26e4143,4,Order&Grouping,Intervention,1,0,2.73,4,8.0,8.0,1,17,4,1.0,4.4,6.5,1634911855929
378,4de1aa31143aa3bfba0ea210c26e4143,6,DataPresentation,Intervention,2,1,1.68,4,3.0,3.0,3,18,1,1.0,2.2,4.83,1634911855929
379,4de1aa31143aa3bfba0ea210c26e4143,4,Order&Grouping,Intervention,2,1,4.53,4,8.0,14.0,7,9,5,2.0,7.2,7.5,1634911855929
380,4de1aa31143aa3bfba0ea210c26e4143,3,Order&Grouping,Baseline,2,0,3.13,4,7.0,7.0,4,10,6,6.0,6.0,6.67,1634911855929
381,4de1aa31143aa3bfba0ea210c26e4143,8,DataUnderstanding,Intervention,1,0,2.67,4,4.0,4.0,2,16,4,2.0,3.2,5.33,1634911855929
382,4de1aa31143aa3bfba0ea210c26e4143,5,DataPresentation,Baseline,1,0,2.07,4,2.0,3.0,3,17,2,1.0,2.2,4.67,1634911855929
383,4de1aa31143aa3bfba0ea210c26e4143,7,DataUnderstanding,Baseline,1,1,2.03,4,1.0,1.0,1,15,1,2.0,1.2,3.5,1634911855929
384,14df5d9dcaf518ce977db83df0a0bc81,6,DataPresentation,Intervention,1,0,2.77,2,14.0,1.0,3,18,5,2.0,5.0,7.17,1634935508661
385,14df5d9dcaf518ce977db83df0a0bc81,7,DataUnderstanding,Baseline,1,1,2.35,2,5.0,2.0,1,18,5,2.0,3.0,5.5,1634935508661
386,14df5d9dcaf518ce977db83df0a0bc81,5,DataPresentation,Baseline,2,0,3.33,2,9.0,2.0,2,15,10,4.0,5.4,7.0,1634935508661
387,14df5d9dcaf518ce977db83df0a0bc81,5,DataPresentation,Baseline,1,0,1.85,2,2.0,2.0,1,17,3,1.0,1.8,4.33,1634935508661
388,14df5d9dcaf518ce977db83df0a0bc81,1,InforOverload,Baseline,2,1,2.23,2,1.0,1.0,1,19,2,1.0,1.2,4.17,1634935508661
389,14df5d9dcaf518ce977db83df0a0bc81,2,InforOverload,Intervention,2,1,2.17,2,8.0,2.0,1,17,6,2.0,3.8,6.0,1634935508661
390,14df5d9dcaf518ce977db83df0a0bc81,2,InforOverload,Intervention,1,1,1.15,2,4.0,1.0,1,18,2,1.0,1.8,4.5,1634935508661
391,14df5d9dcaf518ce977db83df0a0bc81,4,Order&Grouping,Intervention,2,0,1.92,2,3.0,1.0,1,0,1,5.0,2.2,1.83,1634935508661
392,14df5d9dcaf518ce977db83df0a0bc81,1,InforOverload,Baseline,1,0,1.53,2,5.0,1.0,1,16,3,4.0,2.8,5.0,1634935508661
393,14df5d9dcaf518ce977db83df0a0bc81,3,Order&Grouping,Baseline,1,1,1.87,2,2.0,1.0,1,18,3,3.0,2.0,4.67,1634935508661
394,14df5d9dcaf518ce977db83df0a0bc81,3,Order&Grouping,Baseline,2,1,3.53,2,9.0,2.0,3,16,7,2.0,4.6,6.5,1634935508661
395,14df5d9dcaf518ce977db83df0a0bc81,6,DataPresentation,Intervention,2,0,2.8,2,9.0,1.0,5,12,7,6.0,5.6,6.67,1634935508661
396,14df5d9dcaf518ce977db83df0a0bc81,8,DataUnderstanding,Intervention,1,1,3.27,2,14.0,4.0,8,13,7,2.0,7.0,8.0,1634935508661
397,14df5d9dcaf518ce977db83df0a0bc81,8,DataUnderstanding,Intervention,2,1,2.53,2,4.0,2.0,1,14,4,2.0,2.6,4.5,1634935508661
398,14df5d9dcaf518ce977db83df0a0bc81,4,Order&Grouping,Intervention,1,0,2.03,2,4.0,3.0,4,13,4,3.0,3.6,5.17,1634935508661
399,14df5d9dcaf518ce977db83df0a0bc81,7,DataUnderstanding,Baseline,2,1,1.98,2,3.0,2.0,9,14,4,2.0,4.0,5.67,1634935508661
400,a95bbb00b7df15640d1e313971738837,2,InforOverload,Intervention,2,1,7.13,3,10.0,1.0,15,10,16,16.0,11.6,11.33,1634983398269
401,a95bbb00b7df15640d1e313971738837,8,DataUnderstanding,Intervention,1,1,7.02,3,8.0,4.0,8,8,8,14.0,8.4,8.33,1634983398269
402,a95bbb00b7df15640d1e313971738837,5,DataPresentation,Baseline,2,0,5.28,3,6.0,0.0,4,0,8,20.0,7.6,6.33,1634983398269
403,a95bbb00b7df15640d1e313971738837,4,Order&Grouping,Intervention,2,1,5.45,3,4.0,4.0,4,4,8,12.0,6.4,6.0,1634983398269
404,a95bbb00b7df15640d1e313971738837,7,DataUnderstanding,Baseline,1,1,4.68,3,4.0,8.0,2,14,6,4.0,4.8,6.33,1634983398269
405,a95bbb00b7df15640d1e313971738837,7,DataUnderstanding,Baseline,2,1,4.73,3,4.0,0.0,2,16,8,4.0,3.6,5.67,1634983398269
406,a95bbb00b7df15640d1e313971738837,5,DataPresentation,Baseline,1,0,1.53,3,0.0,0.0,0,20,0,0.0,0.0,3.33,1634983398269
407,a95bbb00b7df15640d1e313971738837,4,Order&Grouping,Intervention,1,0,2.9,3,0.0,2.0,0,0,4,2.0,1.6,1.33,1634983398269
408,a95bbb00b7df15640d1e313971738837,8,DataUnderstanding,Intervention,2,1,2.3,3,2.0,0.0,2,0,0,16.0,4.0,3.33,1634983398269
409,a95bbb00b7df15640d1e313971738837,6,DataPresentation,Intervention,2,1,3.47,3,2.0,0.0,2,18,4,2.0,2.0,4.67,1634983398269
410,a95bbb00b7df15640d1e313971738837,2,InforOverload,Intervention,1,1,1.33,3,0.0,0.0,0,20,0,0.0,0.0,3.33,1634983398269
411,a95bbb00b7df15640d1e313971738837,1,InforOverload,Baseline,2,1,1.38,3,0.0,0.0,0,20,0,0.0,0.0,3.33,1634983398269
412,a95bbb00b7df15640d1e313971738837,6,DataPresentation,Intervention,1,0,1.05,3,0.0,0.0,0,20,0,0.0,0.0,3.33,1634983398269
413,a95bbb00b7df15640d1e313971738837,1,InforOverload,Baseline,1,0,3.27,3,4.0,2.0,4,16,10,12.0,6.4,8.0,1634983398269
414,a95bbb00b7df15640d1e313971738837,3,Order&Grouping,Baseline,2,0,2.53,3,4.0,2.0,4,0,0,20.0,6.0,5.0,1634983398269
415,a95bbb00b7df15640d1e313971738837,3,Order&Grouping,Baseline,1,0,1.68,3,2.0,2.0,4,2,6,18.0,6.4,5.67,1634983398269
416,a7ed60dcc6fa25931e17c3c870785c1a,1,InforOverload,Baseline,1,0,4.8,4,8.0,2.0,12,20,2,4.0,5.6,8.0,1634990939247
417,a7ed60dcc6fa25931e17c3c870785c1a,5,DataPresentation,Baseline,2,0,8.07,4,6.0,2.0,4,18,6,6.0,4.8,7.0,1634990939247
418,a7ed60dcc6fa25931e17c3c870785c1a,4,Order&Grouping,Intervention,1,1,5.78,4,6.0,4.0,4,18,6,12.0,6.4,8.33,1634990939247
419,a7ed60dcc6fa25931e17c3c870785c1a,2,InforOverload,Intervention,2,1,4.6,4,4.0,2.0,4,16,4,8.0,4.4,6.33,1634990939247
420,a7ed60dcc6fa25931e17c3c870785c1a,6,DataPresentation,Intervention,1,1,2.08,4,2.0,2.0,2,20,2,0.0,1.6,4.67,1634990939247
421,a7ed60dcc6fa25931e17c3c870785c1a,1,InforOverload,Baseline,2,1,1.78,4,2.0,2.0,0,20,0,0.0,0.8,4.0,1634990939247
422,a7ed60dcc6fa25931e17c3c870785c1a,7,DataUnderstanding,Baseline,1,1,1.9,4,2.0,2.0,0,20,0,0.0,0.8,4.0,1634990939247
423,a7ed60dcc6fa25931e17c3c870785c1a,3,Order&Grouping,Baseline,2,1,9.62,4,8.0,6.0,4,16,8,6.0,6.4,8.0,1634990939247
424,a7ed60dcc6fa25931e17c3c870785c1a,8,DataUnderstanding,Intervention,1,1,5.63,4,4.0,4.0,2,14,6,10.0,5.2,6.67,1634990939247
425,a7ed60dcc6fa25931e17c3c870785c1a,4,Order&Grouping,Intervention,2,0,6.33,4,10.0,4.0,2,16,8,4.0,5.6,7.33,1634990939247
426,a7ed60dcc6fa25931e17c3c870785c1a,7,DataUnderstanding,Baseline,2,0,5.77,4,8.0,4.0,2,12,6,10.0,6.0,7.0,1634990939247
427,a7ed60dcc6fa25931e17c3c870785c1a,2,InforOverload,Intervention,1,1,1.25,4,2.0,2.0,0,20,0,0.0,0.8,4.0,1634990939247
428,a7ed60dcc6fa25931e17c3c870785c1a,8,DataUnderstanding,Intervention,2,0,4.27,4,2.0,4.0,2,16,4,12.0,4.8,6.67,1634990939247
429,a7ed60dcc6fa25931e17c3c870785c1a,3,Order&Grouping,Baseline,1,1,4.53,4,4.0,2.0,2,10,2,10.0,4.0,5.0,1634990939247
430,a7ed60dcc6fa25931e17c3c870785c1a,6,DataPresentation,Intervention,2,1,6.8,4,2.0,14.0,4,20,14,10.0,8.8,10.67,1634990939247
431,a7ed60dcc6fa25931e17c3c870785c1a,5,DataPresentation,Baseline,1,1,1.53,4,1.0,1.0,0,20,0,0.0,0.4,3.67,1634990939247
432,5239a8e0f711e4c71bad7475fcdea8f9,1,InforOverload,Baseline,2,1,2.52,3,14.0,10.0,0,14,14,2.0,8.0,9.0,1635103286092
433,5239a8e0f711e4c71bad7475fcdea8f9,2,InforOverload,Intervention,1,1,2.38,3,12.0,10.0,0,14,12,1.0,7.0,8.17,1635103286092
434,5239a8e0f711e4c71bad7475fcdea8f9,6,DataPresentation,Intervention,2,1,2.53,3,10.0,10.0,0,12,10,1.0,6.2,7.17,1635103286092
435,5239a8e0f711e4c71bad7475fcdea8f9,2,InforOverload,Intervention,2,1,3.42,3,12.0,10.0,0,12,12,2.0,7.2,8.0,1635103286092
436,5239a8e0f711e4c71bad7475fcdea8f9,7,DataUnderstanding,Baseline,2,1,4.92,3,14.0,12.0,0,12,14,3.0,8.6,9.17,1635103286092
437,5239a8e0f711e4c71bad7475fcdea8f9,3,Order&Grouping,Baseline,1,1,1.88,3,11.0,10.0,0,12,11,2.0,6.8,7.67,1635103286092
438,5239a8e0f711e4c71bad7475fcdea8f9,4,Order&Grouping,Intervention,2,1,4.27,3,14.0,12.0,0,10,14,4.0,8.8,9.0,1635103286092
439,5239a8e0f711e4c71bad7475fcdea8f9,4,Order&Grouping,Intervention,1,0,4.63,3,12.0,10.0,0,8,12,6.0,8.0,8.0,1635103286092
440,5239a8e0f711e4c71bad7475fcdea8f9,7,DataUnderstanding,Baseline,1,0,2.25,3,12.0,10.0,0,12,10,3.0,7.0,7.83,1635103286092
441,5239a8e0f711e4c71bad7475fcdea8f9,8,DataUnderstanding,Intervention,1,0,3.02,3,15.0,10.0,0,13,0,3.0,5.6,6.83,1635103286092
442,5239a8e0f711e4c71bad7475fcdea8f9,8,DataUnderstanding,Intervention,2,0,2.27,3,10.0,14.0,0,0,12,8.0,8.8,7.33,1635103286092
443,5239a8e0f711e4c71bad7475fcdea8f9,3,Order&Grouping,Baseline,2,1,2.22,3,12.0,10.0,0,12,12,2.0,7.2,8.0,1635103286092
444,5239a8e0f711e4c71bad7475fcdea8f9,6,DataPresentation,Intervention,1,1,1.32,3,10.0,10.0,0,14,10,0.0,6.0,7.33,1635103286092
445,5239a8e0f711e4c71bad7475fcdea8f9,1,InforOverload,Baseline,1,0,0.92,3,10.0,10.0,0,14,10,0.0,6.0,7.33,1635103286092
446,5239a8e0f711e4c71bad7475fcdea8f9,5,DataPresentation,Baseline,1,0,1.78,3,12.0,10.0,0,14,10,2.0,6.8,8.0,1635103286092
447,5239a8e0f711e4c71bad7475fcdea8f9,5,DataPresentation,Baseline,2,1,1.93,3,13.0,10.0,0,14,0,2.0,5.0,6.5,1635103286092
448,f590b75b4bc22329e5c17f9a2386beab,4,Order&Grouping,Intervention,2,0,5.08,2,10.0,2.0,6,11,12,9.0,7.8,8.33,1635150230819
449,f590b75b4bc22329e5c17f9a2386beab,6,DataPresentation,Intervention,2,1,1.23,2,2.0,0.0,2,14,1,3.0,1.6,3.67,1635150230819
450,f590b75b4bc22329e5c17f9a2386beab,2,InforOverload,Intervention,2,1,3.57,2,9.0,2.0,7,9,11,8.0,7.4,7.67,1635150230819
451,f590b75b4bc22329e5c17f9a2386beab,7,DataUnderstanding,Baseline,1,1,2.48,2,3.0,1.0,1,16,4,2.0,2.2,4.5,1635150230819
452,f590b75b4bc22329e5c17f9a2386beab,3,Order&Grouping,Baseline,1,1,1.33,2,1.0,2.0,3,15,1,4.0,2.2,4.33,1635150230819
453,f590b75b4bc22329e5c17f9a2386beab,6,DataPresentation,Intervention,1,1,1.33,2,3.0,1.0,3,17,1,1.0,1.8,4.33,1635150230819
454,f590b75b4bc22329e5c17f9a2386beab,1,InforOverload,Baseline,2,0,3.75,2,8.0,1.0,7,3,19,10.0,9.0,8.0,1635150230819
455,f590b75b4bc22329e5c17f9a2386beab,5,DataPresentation,Baseline,1,1,1.43,2,1.0,1.0,1,14,1,2.0,1.2,3.33,1635150230819
456,f590b75b4bc22329e5c17f9a2386beab,5,DataPresentation,Baseline,2,1,1.07,2,1.0,2.0,3,18,1,2.0,1.8,4.5,1635150230819
457,f590b75b4bc22329e5c17f9a2386beab,8,DataUnderstanding,Intervention,2,1,1.37,2,1.0,0.0,2,3,1,3.0,1.4,1.67,1635150230819
458,f590b75b4bc22329e5c17f9a2386beab,7,DataUnderstanding,Baseline,2,0,1.68,2,3.0,0.0,1,2,6,4.0,2.8,2.67,1635150230819
459,f590b75b4bc22329e5c17f9a2386beab,3,Order&Grouping,Baseline,2,0,2.75,2,0.0,0.0,0,0,0,7.0,1.4,1.17,1635150230819
460,f590b75b4bc22329e5c17f9a2386beab,2,InforOverload,Intervention,1,1,0.97,2,1.0,1.0,5,19,3,1.0,2.2,5.0,1635150230819
461,f590b75b4bc22329e5c17f9a2386beab,4,Order&Grouping,Intervention,1,0,1.5,2,2.0,1.0,0,9,1,0.0,0.8,2.17,1635150230819
462,f590b75b4bc22329e5c17f9a2386beab,1,InforOverload,Baseline,1,0,0.7,2,1.0,2.0,3,3,0,6.0,2.4,2.5,1635150230819
463,f590b75b4bc22329e5c17f9a2386beab,8,DataUnderstanding,Intervention,1,1,1.82,2,0.0,0.0,0,2,0,0.0,0.0,0.33,1635150230819
464,75fa02012a4940040dcb0e2b1afead5f,2,InforOverload,Intervention,1,1,3.37,1,4.0,2.0,5,12,5,7.0,4.6,5.83,1635153366300
465,75fa02012a4940040dcb0e2b1afead5f,3,Order&Grouping,Baseline,2,0,5.87,1,7.0,4.0,6,8,8,9.0,6.8,7.0,1635153366300
466,75fa02012a4940040dcb0e2b1afead5f,3,Order&Grouping,Baseline,1,1,2.92,1,6.0,4.0,6,11,6,7.0,5.8,6.67,1635153366300
467,75fa02012a4940040dcb0e2b1afead5f,1,InforOverload,Baseline,2,1,2.08,1,4.0,2.0,5,11,5,6.0,4.4,5.5,1635153366300
468,75fa02012a4940040dcb0e2b1afead5f,5,DataPresentation,Baseline,1,0,1.57,1,2.0,2.0,4,12,4,5.0,3.4,4.83,1635153366300
469,75fa02012a4940040dcb0e2b1afead5f,7,DataUnderstanding,Baseline,2,0,3.38,1,5.0,4.0,6,8,6,8.0,5.8,6.17,1635153366300
470,75fa02012a4940040dcb0e2b1afead5f,5,DataPresentation,Baseline,2,0,5.2,1,4.0,4.0,5,10,6,7.0,5.2,6.0,1635153366300
471,75fa02012a4940040dcb0e2b1afead5f,6,DataPresentation,Intervention,1,1,1.32,1,3.0,3.0,4,11,4,6.0,4.0,5.17,1635153366300
472,75fa02012a4940040dcb0e2b1afead5f,1,InforOverload,Baseline,1,0,1.52,1,5.0,3.0,5,11,5,5.0,4.6,5.67,1635153366300
473,75fa02012a4940040dcb0e2b1afead5f,7,DataUnderstanding,Baseline,1,1,1.58,1,4.0,3.0,5,10,5,6.0,4.6,5.5,1635153366300
474,75fa02012a4940040dcb0e2b1afead5f,2,InforOverload,Intervention,2,1,3.47,1,5.0,3.0,5,10,6,5.0,4.8,5.67,1635153366300
475,75fa02012a4940040dcb0e2b1afead5f,4,Order&Grouping,Intervention,1,1,1.55,1,4.0,3.0,5,11,4,5.0,4.2,5.33,1635153366300
476,75fa02012a4940040dcb0e2b1afead5f,6,DataPresentation,Intervention,2,1,6.28,1,4.0,2.0,5,11,5,6.0,4.4,5.5,1635153366300
477,75fa02012a4940040dcb0e2b1afead5f,8,DataUnderstanding,Intervention,2,1,2.37,1,5.0,3.0,5,7,5,8.0,5.2,5.5,1635153366300
478,75fa02012a4940040dcb0e2b1afead5f,4,Order&Grouping,Intervention,2,0,8.05,1,4.0,3.0,6,9,5,5.0,4.6,5.33,1635153366300
479,75fa02012a4940040dcb0e2b1afead5f,8,DataUnderstanding,Intervention,1,1,2.93,1,6.0,3.0,6,7,6,7.0,5.6,5.83,1635153366300
480,3f4c532dad81f076e92a935b19f9330c,2,InforOverload,Intervention,2,0,6.98,3,12.0,8.0,8,8,6,12.0,9.2,9.0,1635158302045
481,3f4c532dad81f076e92a935b19f9330c,4,Order&Grouping,Intervention,2,0,3.53,3,6.0,6.0,4,0,0,12.0,5.6,4.67,1635158302045
482,3f4c532dad81f076e92a935b19f9330c,2,InforOverload,Intervention,1,1,1.07,3,1.0,1.0,1,19,1,2.0,1.2,4.17,1635158302045
483,3f4c532dad81f076e92a935b19f9330c,7,DataUnderstanding,Baseline,1,1,3.43,3,6.0,5.0,5,17,2,6.0,4.8,6.83,1635158302045
484,3f4c532dad81f076e92a935b19f9330c,1,InforOverload,Baseline,1,0,8.07,3,6.0,2.0,4,18,2,4.0,3.6,6.0,1635158302045
485,3f4c532dad81f076e92a935b19f9330c,5,DataPresentation,Baseline,1,0,14.05,3,3.0,3.0,2,14,2,2.0,2.4,4.33,1635158302045
486,3f4c532dad81f076e92a935b19f9330c,1,InforOverload,Baseline,2,1,1.87,3,3.0,3.0,2,15,2,2.0,2.4,4.5,1635158302045
487,3f4c532dad81f076e92a935b19f9330c,8,DataUnderstanding,Intervention,2,0,3.33,3,6.0,4.0,4,0,6,10.0,6.0,5.0,1635158302045
488,3f4c532dad81f076e92a935b19f9330c,6,DataPresentation,Intervention,2,1,6.67,3,4.0,2.0,2,14,2,2.0,2.4,4.33,1635158302045
489,3f4c532dad81f076e92a935b19f9330c,6,DataPresentation,Intervention,1,1,1.22,3,2.0,2.0,2,15,2,2.0,2.0,4.17,1635158302045
490,3f4c532dad81f076e92a935b19f9330c,3,Order&Grouping,Baseline,2,1,1.7,3,6.0,5.0,3,17,2,2.0,3.6,5.83,1635158302045
491,3f4c532dad81f076e92a935b19f9330c,4,Order&Grouping,Intervention,1,1,2.6,3,6.0,3.0,4,16,2,4.0,3.8,5.83,1635158302045
492,3f4c532dad81f076e92a935b19f9330c,3,Order&Grouping,Baseline,1,1,2.07,3,4.0,2.0,2,16,4,2.0,2.8,5.0,1635158302045
493,3f4c532dad81f076e92a935b19f9330c,8,DataUnderstanding,Intervention,1,1,3.07,3,14.0,10.0,6,6,16,4.0,10.0,9.33,1635158302045
494,3f4c532dad81f076e92a935b19f9330c,5,DataPresentation,Baseline,2,1,1.75,3,8.0,6.0,2,16,6,3.0,5.0,6.83,1635158302045
495,3f4c532dad81f076e92a935b19f9330c,7,DataUnderstanding,Baseline,2,1,1.97,3,12.0,8.0,6,12,4,4.0,6.8,7.67,1635158302045
496,d34a7cf604be34ea8c9a44ba6167d500,6,DataPresentation,Intervention,1,0,3.35,4,20.0,4.0,20,10,20,10.0,14.8,14.0,1635197520290
497,d34a7cf604be34ea8c9a44ba6167d500,4,Order&Grouping,Intervention,1,0,10.27,4,20.0,9.0,20,8,20,20.0,17.8,16.17,1635197520290
498,d34a7cf604be34ea8c9a44ba6167d500,1,InforOverload,Baseline,2,1,2.8,4,11.0,11.0,11,10,10,10.0,10.6,10.5,1635197520290
499,d34a7cf604be34ea8c9a44ba6167d500,3,Order&Grouping,Baseline,2,1,1.95,4,17.0,8.0,15,13,14,11.0,13.0,13.0,1635197520290
500,d34a7cf604be34ea8c9a44ba6167d500,1,InforOverload,Baseline,1,0,1.87,4,20.0,9.0,11,10,9,10.0,11.8,11.5,1635197520290
501,d34a7cf604be34ea8c9a44ba6167d500,7,DataUnderstanding,Baseline,2,0,1.53,4,20.0,20.0,20,0,20,20.0,20.0,16.67,1635197520290
502,d34a7cf604be34ea8c9a44ba6167d500,7,DataUnderstanding,Baseline,1,1,1.42,4,20.0,10.0,10,9,13,13.0,13.2,12.5,1635197520290
503,d34a7cf604be34ea8c9a44ba6167d500,6,DataPresentation,Intervention,2,1,1.45,4,20.0,10.0,9,9,9,10.0,11.6,11.17,1635197520290
504,d34a7cf604be34ea8c9a44ba6167d500,5,DataPresentation,Baseline,2,0,1.47,4,11.0,10.0,9,9,9,10.0,9.8,9.67,1635197520290
505,d34a7cf604be34ea8c9a44ba6167d500,4,Order&Grouping,Intervention,2,0,2.55,4,8.0,10.0,9,2,15,14.0,11.2,9.67,1635197520290
506,d34a7cf604be34ea8c9a44ba6167d500,2,InforOverload,Intervention,2,1,2.55,4,20.0,11.0,11,2,16,15.0,14.6,12.5,1635197520290
507,d34a7cf604be34ea8c9a44ba6167d500,5,DataPresentation,Baseline,1,0,1.18,4,9.0,8.0,9,2,10,11.0,9.4,8.17,1635197520290
508,d34a7cf604be34ea8c9a44ba6167d500,8,DataUnderstanding,Intervention,1,0,2.57,4,12.0,11.0,10,0,9,10.0,10.4,8.67,1635197520290
509,d34a7cf604be34ea8c9a44ba6167d500,3,Order&Grouping,Baseline,1,0,1.13,4,9.0,8.0,8,4,5,5.0,7.0,6.5,1635197520290
510,d34a7cf604be34ea8c9a44ba6167d500,8,DataUnderstanding,Intervention,2,1,1.7,4,10.0,10.0,10,7,6,7.0,8.6,8.33,1635197520290
511,d34a7cf604be34ea8c9a44ba6167d500,2,InforOverload,Intervention,1,1,0.58,4,10.0,10.0,10,10,10,10.0,10.0,10.0,1635197520290
512,1b6f5c597751c3349b3a4e29a2366d35,5,DataPresentation,Baseline,1,1,5.4,2,2.0,0.0,0,20,0,0.0,0.4,3.67,1634854202951
513,1b6f5c597751c3349b3a4e29a2366d35,2,InforOverload,Intervention,1,1,2.87,2,3.0,0.0,0,20,1,0.0,0.8,4.0,1634854202951
514,1b6f5c597751c3349b3a4e29a2366d35,8,DataUnderstanding,Intervention,1,1,6.7,2,16.0,2.0,12,8,19,18.0,13.4,12.5,1634854202951
515,1b6f5c597751c3349b3a4e29a2366d35,5,DataPresentation,Baseline,2,0,3.65,2,4.0,0.0,0,18,2,0.0,1.2,4.0,1634854202951
516,1b6f5c597751c3349b3a4e29a2366d35,7,DataUnderstanding,Baseline,2,0,4.73,2,10.0,0.0,4,16,11,8.0,6.6,8.17,1634854202951
517,1b6f5c597751c3349b3a4e29a2366d35,6,DataPresentation,Intervention,2,0,2.58,2,16.0,0.0,0,20,14,4.0,6.8,9.0,1634854202951
518,1b6f5c597751c3349b3a4e29a2366d35,6,DataPresentation,Intervention,1,1,1.98,2,0.0,0.0,0,20,0,0.0,0.0,3.33,1634854202951
519,1b6f5c597751c3349b3a4e29a2366d35,7,DataUnderstanding,Baseline,1,1,2.17,2,1.0,0.0,0,20,1,0.0,0.4,3.67,1634854202951
520,1b6f5c597751c3349b3a4e29a2366d35,4,Order&Grouping,Intervention,1,0,2.28,2,0.0,4.0,0,20,4,0.0,1.6,4.67,1634854202951
521,1b6f5c597751c3349b3a4e29a2366d35,1,InforOverload,Baseline,1,0,1.07,2,0.0,1.0,0,20,0,0.0,0.2,3.5,1634854202951
522,1b6f5c597751c3349b3a4e29a2366d35,3,Order&Grouping,Baseline,1,1,1.8,2,4.0,2.0,0,20,1,0.0,1.4,4.5,1634854202951
523,1b6f5c597751c3349b3a4e29a2366d35,2,InforOverload,Intervention,2,0,3.23,2,15.0,4.0,7,10,14,8.0,9.6,9.67,1634854202951
524,1b6f5c597751c3349b3a4e29a2366d35,1,InforOverload,Baseline,2,0,2.42,2,3.0,0.0,0,17,7,2.0,2.4,4.83,1634854202951
525,1b6f5c597751c3349b3a4e29a2366d35,3,Order&Grouping,Baseline,2,0,3.35,2,13.0,3.0,9,6,14,13.0,10.4,9.67,1634854202951
526,1b6f5c597751c3349b3a4e29a2366d35,4,Order&Grouping,Intervention,2,1,2.07,2,8.0,2.0,0,12,10,5.0,5.0,6.17,1634854202951
527,1b6f5c597751c3349b3a4e29a2366d35,8,DataUnderstanding,Intervention,2,1,1.8,2,4.0,0.0,0,14,8,2.0,2.8,4.67,1634854202951
528,3c54e5e2f13a11b6968318488150d4e7,7,DataUnderstanding,Baseline,1,0,6.08,1,6.0,2.0,4,1,5,4.0,4.2,3.67,1634897466348
529,3c54e5e2f13a11b6968318488150d4e7,1,InforOverload,Baseline,2,1,3.03,1,2.0,1.0,0,20,1,0.0,0.8,4.0,1634897466348
530,3c54e5e2f13a11b6968318488150d4e7,4,Order&Grouping,Intervention,1,0,3.77,1,10.0,2.0,2,10,10,10.0,6.8,7.33,1634897466348
531,3c54e5e2f13a11b6968318488150d4e7,7,DataUnderstanding,Baseline,2,1,4.23,1,2.0,0.0,0,12,8,2.0,2.4,4.0,1634897466348
532,3c54e5e2f13a11b6968318488150d4e7,5,DataPresentation,Baseline,2,1,2.23,1,2.0,1.0,1,12,6,6.0,3.2,4.67,1634897466348
533,3c54e5e2f13a11b6968318488150d4e7,5,DataPresentation,Baseline,1,0,2.93,1,10.0,8.0,2,8,10,5.0,7.0,7.17,1634897466348
534,3c54e5e2f13a11b6968318488150d4e7,2,InforOverload,Intervention,2,1,2.4,1,10.0,5.0,5,12,8,4.0,6.4,7.33,1634897466348
535,3c54e5e2f13a11b6968318488150d4e7,2,InforOverload,Intervention,1,1,0.97,1,0.0,2.0,2,10,6,2.0,2.4,3.67,1634897466348
536,3c54e5e2f13a11b6968318488150d4e7,6,DataPresentation,Intervention,1,1,1.57,1,4.0,2.0,2,10,5,2.0,3.0,4.17,1634897466348
537,3c54e5e2f13a11b6968318488150d4e7,8,DataUnderstanding,Intervention,2,0,3.17,1,8.0,4.0,4,13,10,5.0,6.2,7.33,1634897466348
538,3c54e5e2f13a11b6968318488150d4e7,6,DataPresentation,Intervention,2,1,2.32,1,7.0,4.0,2,10,6,2.0,4.2,5.17,1634897466348
539,3c54e5e2f13a11b6968318488150d4e7,4,Order&Grouping,Intervention,2,0,4.13,1,8.0,6.0,4,6,10,6.0,6.8,6.67,1634897466348
540,3c54e5e2f13a11b6968318488150d4e7,1,InforOverload,Baseline,1,0,2.05,1,6.0,3.0,2,10,8,4.0,4.6,5.5,1634897466348
541,3c54e5e2f13a11b6968318488150d4e7,3,Order&Grouping,Baseline,2,1,3.9,1,6.0,10.0,8,6,10,10.0,8.8,8.33,1634897466348
542,3c54e5e2f13a11b6968318488150d4e7,3,Order&Grouping,Baseline,1,1,1.82,1,6.0,6.0,4,10,7,4.0,5.4,6.17,1634897466348
543,3c54e5e2f13a11b6968318488150d4e7,8,DataUnderstanding,Intervention,1,1,2.37,1,10.0,2.0,2,8,10,2.0,5.2,5.67,1634897466348
544,6d59e2c4a6f115bef7d027e204e60579,3,Order&Grouping,Baseline,1,0,12.87,3,18.0,15.0,20,10,18,20.0,18.2,16.83,1635330750182
545,6d59e2c4a6f115bef7d027e204e60579,4,Order&Grouping,Intervention,2,0,3.0,3,12.0,8.0,14,16,15,11.0,12.0,12.67,1635330750182
546,6d59e2c4a6f115bef7d027e204e60579,1,InforOverload,Baseline,2,1,2.25,3,10.0,8.0,12,18,15,8.0,10.6,11.83,1635330750182
547,6d59e2c4a6f115bef7d027e204e60579,4,Order&Grouping,Intervention,1,0,3.57,3,12.0,9.0,14,19,13,9.0,11.4,12.67,1635330750182
548,6d59e2c4a6f115bef7d027e204e60579,5,DataPresentation,Baseline,2,1,2.97,3,12.0,4.0,10,20,4,1.0,6.2,8.5,1635330750182
549,6d59e2c4a6f115bef7d027e204e60579,2,InforOverload,Intervention,1,1,4.12,3,8.0,6.0,7,20,7,3.0,6.2,8.5,1635330750182
550,6d59e2c4a6f115bef7d027e204e60579,8,DataUnderstanding,Intervention,2,1,2.43,3,6.0,2.0,5,20,3,1.0,3.4,6.17,1635330750182
551,6d59e2c4a6f115bef7d027e204e60579,7,DataUnderstanding,Baseline,1,1,1.4,3,4.0,2.0,3,20,1,1.0,2.2,5.17,1635330750182
552,6d59e2c4a6f115bef7d027e204e60579,1,InforOverload,Baseline,1,0,3.75,3,9.0,3.0,10,19,2,2.0,5.2,7.5,1635330750182
553,6d59e2c4a6f115bef7d027e204e60579,5,DataPresentation,Baseline,1,0,1.72,3,12.0,4.0,13,17,3,3.0,7.0,8.67,1635330750182
554,6d59e2c4a6f115bef7d027e204e60579,8,DataUnderstanding,Intervention,1,0,4.75,3,12.0,10.0,13,14,8,4.0,9.4,10.17,1635330750182
555,6d59e2c4a6f115bef7d027e204e60579,7,DataUnderstanding,Baseline,2,1,3.98,3,6.0,5.0,6,15,4,2.0,4.6,6.33,1635330750182
556,6d59e2c4a6f115bef7d027e204e60579,6,DataPresentation,Intervention,2,1,1.08,3,6.0,4.0,5,20,2,1.0,3.6,6.33,1635330750182
557,6d59e2c4a6f115bef7d027e204e60579,6,DataPresentation,Intervention,1,0,1.67,3,8.0,5.0,3,18,4,2.0,4.4,6.67,1635330750182
558,6d59e2c4a6f115bef7d027e204e60579,2,InforOverload,Intervention,2,0,4.83,3,12.0,6.0,10,16,5,5.0,7.6,9.0,1635330750182
559,6d59e2c4a6f115bef7d027e204e60579,3,Order&Grouping,Baseline,2,0,2.37,3,9.0,5.0,5,20,3,1.0,4.6,7.17,1635330750182
560,3bb97a152c87435dd4171dc8e8169de4,8,DataUnderstanding,Intervention,1,1,6.05,4,13.0,1.0,6,20,4,0.0,4.8,7.33,1635529899496
561,3bb97a152c87435dd4171dc8e8169de4,6,DataPresentation,Intervention,2,1,1.27,4,3.0,1.0,1,20,1,0.0,1.2,4.33,1635529899496
562,3bb97a152c87435dd4171dc8e8169de4,3,Order&Grouping,Baseline,2,1,2.22,4,4.0,2.0,0,20,3,1.0,2.0,5.0,1635529899496
563,3bb97a152c87435dd4171dc8e8169de4,7,DataUnderstanding,Baseline,1,1,1.75,4,6.0,5.0,1,20,4,3.0,3.8,6.5,1635529899496
564,3bb97a152c87435dd4171dc8e8169de4,1,InforOverload,Baseline,1,0,1.5,4,6.0,1.0,0,19,1,4.0,2.4,5.17,1635529899496
565,3bb97a152c87435dd4171dc8e8169de4,3,Order&Grouping,Baseline,1,0,1.2,4,2.0,1.0,0,20,1,3.0,1.4,4.5,1635529899496
566,3bb97a152c87435dd4171dc8e8169de4,7,DataUnderstanding,Baseline,2,0,1.55,4,5.0,1.0,2,20,3,5.0,3.2,6.0,1635529899496
567,3bb97a152c87435dd4171dc8e8169de4,8,DataUnderstanding,Intervention,2,0,2.02,4,11.0,10.0,4,16,14,13.0,10.4,11.33,1635529899496
568,3bb97a152c87435dd4171dc8e8169de4,5,DataPresentation,Baseline,2,0,1.55,4,6.0,2.0,2,20,4,2.0,3.2,6.0,1635529899496
569,3bb97a152c87435dd4171dc8e8169de4,4,Order&Grouping,Intervention,1,1,1.37,4,8.0,4.0,2,19,5,2.0,4.2,6.67,1635529899496
570,3bb97a152c87435dd4171dc8e8169de4,5,DataPresentation,Baseline,1,1,1.8,4,12.0,6.0,3,18,9,7.0,7.4,9.17,1635529899496
571,3bb97a152c87435dd4171dc8e8169de4,1,InforOverload,Baseline,2,1,1.12,4,3.0,1.0,0,20,2,3.0,1.8,4.83,1635529899496
572,3bb97a152c87435dd4171dc8e8169de4,2,InforOverload,Intervention,2,1,1.43,4,10.0,7.0,2,16,12,1.0,6.4,8.0,1635529899496
573,3bb97a152c87435dd4171dc8e8169de4,2,InforOverload,Intervention,1,1,0.63,4,4.0,1.0,0,20,3,1.0,1.8,4.83,1635529899496
574,3bb97a152c87435dd4171dc8e8169de4,6,DataPresentation,Intervention,1,1,0.93,4,5.0,2.0,1,19,3,1.0,2.4,5.17,1635529899496
575,3bb97a152c87435dd4171dc8e8169de4,4,Order&Grouping,Intervention,2,0,2.28,4,16.0,6.0,2,14,16,1.0,8.2,9.17,1635529899496
576,9e9942286589a5d427a68a38fba831ac,2,InforOverload,Intervention,2,0,8.8,4,4.0,2.0,2,20,2,16.0,5.2,7.67,1635760083548
577,9e9942286589a5d427a68a38fba831ac,8,DataUnderstanding,Intervention,1,0,3.58,4,4.0,6.0,1,16,6,4.0,4.2,6.17,1635760083548
578,9e9942286589a5d427a68a38fba831ac,5,DataPresentation,Baseline,1,1,2.88,4,4.0,2.0,2,19,2,3.0,2.6,5.33,1635760083548
579,9e9942286589a5d427a68a38fba831ac,2,InforOverload,Intervention,1,1,3.9,4,6.0,1.0,1,20,8,4.0,4.0,6.67,1635760083548
580,9e9942286589a5d427a68a38fba831ac,7,DataUnderstanding,Baseline,1,1,3.05,4,2.0,2.0,1,20,1,1.0,1.4,4.5,1635760083548
581,9e9942286589a5d427a68a38fba831ac,4,Order&Grouping,Intervention,1,0,2.13,4,2.0,2.0,2,20,4,2.0,2.4,5.33,1635760083548
582,9e9942286589a5d427a68a38fba831ac,3,Order&Grouping,Baseline,1,1,1.32,4,1.0,1.0,1,20,3,2.0,1.6,4.67,1635760083548
583,9e9942286589a5d427a68a38fba831ac,7,DataUnderstanding,Baseline,2,1,1.98,4,2.0,2.0,1,19,2,2.0,1.8,4.67,1635760083548
584,9e9942286589a5d427a68a38fba831ac,4,Order&Grouping,Intervention,2,0,3.47,4,9.0,4.0,1,14,3,5.0,4.4,6.0,1635760083548
585,9e9942286589a5d427a68a38fba831ac,6,DataPresentation,Intervention,1,0,1.12,4,2.0,2.0,1,19,2,1.0,1.6,4.5,1635760083548
586,9e9942286589a5d427a68a38fba831ac,6,DataPresentation,Intervention,2,0,1.43,4,3.0,2.0,1,17,1,2.0,1.8,4.33,1635760083548
587,9e9942286589a5d427a68a38fba831ac,8,DataUnderstanding,Intervention,2,1,3.42,4,4.0,4.0,1,16,5,4.0,3.6,5.67,1635760083548
588,9e9942286589a5d427a68a38fba831ac,1,InforOverload,Baseline,1,0,2.67,4,4.0,3.0,1,14,5,4.0,3.4,5.17,1635760083548
589,9e9942286589a5d427a68a38fba831ac,5,DataPresentation,Baseline,2,1,2.12,4,8.0,1.0,1,15,9,3.0,4.4,6.17,1635760083548
590,9e9942286589a5d427a68a38fba831ac,1,InforOverload,Baseline,2,1,0.9,4,1.0,3.0,1,19,1,1.0,1.4,4.33,1635760083548
591,9e9942286589a5d427a68a38fba831ac,3,Order&Grouping,Baseline,2,0,2.23,4,2.0,3.0,1,16,2,3.0,2.2,4.5,1635760083548
592,1077fa510ea4c0ed1318aa17f5f550c4,8,DataUnderstanding,Intervention,1,0,6.28,2,6.0,6.0,2,8,3,9.0,5.2,5.67,1635877381217
593,1077fa510ea4c0ed1318aa17f5f550c4,8,DataUnderstanding,Intervention,2,0,1.52,2,4.0,4.0,3,10,2,2.0,3.0,4.17,1635877381217
594,1077fa510ea4c0ed1318aa17f5f550c4,2,InforOverload,Intervention,1,1,2.73,2,6.0,5.0,8,8,7,13.0,7.8,7.83,1635877381217
595,1077fa510ea4c0ed1318aa17f5f550c4,5,DataPresentation,Baseline,2,1,7.93,2,5.0,12.0,3,3,4,10.0,6.8,6.17,1635877381217
596,1077fa510ea4c0ed1318aa17f5f550c4,6,DataPresentation,Intervention,1,1,1.73,2,4.0,4.0,4,3,3,2.0,3.4,3.33,1635877381217
597,1077fa510ea4c0ed1318aa17f5f550c4,6,DataPresentation,Intervention,2,0,3.12,2,3.0,3.0,3,4,3,12.0,4.8,4.67,1635877381217
598,1077fa510ea4c0ed1318aa17f5f550c4,1,InforOverload,Baseline,1,0,1.35,2,4.0,4.0,3,3,3,5.0,3.8,3.67,1635877381217
599,1077fa510ea4c0ed1318aa17f5f550c4,5,DataPresentation,Baseline,1,1,2.28,2,5.0,5.0,4,2,2,6.0,4.4,4.0,1635877381217
600,1077fa510ea4c0ed1318aa17f5f550c4,1,InforOverload,Baseline,2,1,1.62,2,4.0,3.0,4,0,3,8.0,4.4,3.67,1635877381217
601,1077fa510ea4c0ed1318aa17f5f550c4,7,DataUnderstanding,Baseline,1,1,2.38,2,0.0,0.0,0,0,0,0.0,0.0,0.0,1635877381217
602,1077fa510ea4c0ed1318aa17f5f550c4,7,DataUnderstanding,Baseline,2,0,1.82,2,2.0,3.0,5,3,3,6.0,3.8,3.67,1635877381217
603,1077fa510ea4c0ed1318aa17f5f550c4,4,Order&Grouping,Intervention,1,0,2.85,2,5.0,4.0,3,2,4,2.0,3.6,3.33,1635877381217
604,1077fa510ea4c0ed1318aa17f5f550c4,2,InforOverload,Intervention,2,0,1.65,2,2.0,2.0,2,3,0,6.0,2.4,2.5,1635877381217
605,1077fa510ea4c0ed1318aa17f5f550c4,3,Order&Grouping,Baseline,1,1,1.57,2,0.0,0.0,1,3,2,0.0,0.6,1.0,1635877381217
606,1077fa510ea4c0ed1318aa17f5f550c4,4,Order&Grouping,Intervention,2,0,1.8,2,3.0,2.0,4,6,3,2.0,2.8,3.33,1635877381217
607,1077fa510ea4c0ed1318aa17f5f550c4,3,Order&Grouping,Baseline,2,1,2.32,2,0.0,0.0,0,0,0,0.0,0.0,0.0,1635877381217
608,03f53843dfc50bfc22163f9085aec1d2,1,InforOverload,Baseline,2,1,3.12,3,12.0,6.0,10,18,8,18.0,10.8,12.0,1636725397962
609,03f53843dfc50bfc22163f9085aec1d2,3,Order&Grouping,Baseline,2,0,5.05,3,16.0,6.0,10,10,18,19.0,13.8,13.17,1636725397962
610,03f53843dfc50bfc22163f9085aec1d2,5,DataPresentation,Baseline,1,0,4.72,3,10.0,6.0,10,2,12,18.0,11.2,9.67,1636725397962
611,03f53843dfc50bfc22163f9085aec1d2,4,Order&Grouping,Intervention,2,0,3.1,3,10.0,6.0,14,19,16,2.0,9.6,11.17,1636725397962
612,03f53843dfc50bfc22163f9085aec1d2,4,Order&Grouping,Intervention,1,0,3.55,3,10.0,8.0,16,19,10,1.0,9.0,10.67,1636725397962
613,03f53843dfc50bfc22163f9085aec1d2,5,DataPresentation,Baseline,2,0,2.72,3,12.0,10.0,11,12,16,10.0,11.8,11.83,1636725397962
614,03f53843dfc50bfc22163f9085aec1d2,7,DataUnderstanding,Baseline,2,1,2.05,3,8.0,6.0,16,19,4,1.0,7.0,9.0,1636725397962
615,03f53843dfc50bfc22163f9085aec1d2,8,DataUnderstanding,Intervention,2,0,2.35,3,12.0,8.0,16,18,14,10.0,12.0,13.0,1636725397962
616,03f53843dfc50bfc22163f9085aec1d2,7,DataUnderstanding,Baseline,1,0,2.23,3,18.0,18.0,18,19,16,18.0,17.6,17.83,1636725397962
617,03f53843dfc50bfc22163f9085aec1d2,1,InforOverload,Baseline,1,0,1.03,3,8.0,10.0,14,19,8,2.0,8.4,10.17,1636725397962
618,03f53843dfc50bfc22163f9085aec1d2,6,DataPresentation,Intervention,2,1,1.25,3,8.0,5.0,2,19,7,1.0,4.6,7.0,1636725397962
619,03f53843dfc50bfc22163f9085aec1d2,8,DataUnderstanding,Intervention,1,0,2.9,3,14.0,6.0,15,19,6,1.0,8.4,10.17,1636725397962
620,03f53843dfc50bfc22163f9085aec1d2,3,Order&Grouping,Baseline,1,1,2.7,3,8.0,6.0,12,12,14,8.0,9.6,10.0,1636725397962
621,03f53843dfc50bfc22163f9085aec1d2,2,InforOverload,Intervention,1,1,1.03,3,6.0,6.0,12,19,8,1.0,6.6,8.67,1636725397962
622,03f53843dfc50bfc22163f9085aec1d2,6,DataPresentation,Intervention,1,0,2.07,3,6.0,6.0,8,19,2,1.0,4.6,7.0,1636725397962
623,03f53843dfc50bfc22163f9085aec1d2,2,InforOverload,Intervention,2,0,3.05,3,14.0,9.0,12,4,19,18.0,14.4,12.67,1636725397962
624,fbe432f807f98082ec2444500ca735c1,6,DataPresentation,Intervention,2,1,0.7,4,3.0,2.0,4,11,5,5.0,3.8,5.0,1636735519555
625,fbe432f807f98082ec2444500ca735c1,8,DataUnderstanding,Intervention,2,0,0.4,4,3.0,2.0,5,11,3,6.0,3.8,5.0,1636735519555
626,fbe432f807f98082ec2444500ca735c1,2,InforOverload,Intervention,2,1,0.43,4,3.0,4.0,2,11,3,5.0,3.4,4.67,1636735519555
627,fbe432f807f98082ec2444500ca735c1,5,DataPresentation,Baseline,2,1,0.72,4,5.0,4.0,4,10,4,7.0,4.8,5.67,1636735519555
628,fbe432f807f98082ec2444500ca735c1,4,Order&Grouping,Intervention,1,0,1.48,4,3.0,3.0,4,9,7,14.0,6.2,6.67,1636735519555
629,fbe432f807f98082ec2444500ca735c1,7,DataUnderstanding,Baseline,1,0,0.77,4,2.0,1.0,4,10,5,12.0,4.8,5.67,1636735519555
630,fbe432f807f98082ec2444500ca735c1,3,Order&Grouping,Baseline,1,1,0.77,4,3.0,2.0,5,12,2,10.0,4.4,5.67,1636735519555
631,fbe432f807f98082ec2444500ca735c1,3,Order&Grouping,Baseline,2,1,1.62,4,3.0,2.0,6,9,4,12.0,5.4,6.0,1636735519555
632,fbe432f807f98082ec2444500ca735c1,1,InforOverload,Baseline,2,1,0.48,4,2.0,1.0,3,11,3,14.0,4.6,5.67,1636735519555
633,fbe432f807f98082ec2444500ca735c1,1,InforOverload,Baseline,1,0,0.98,4,2.0,3.0,3,10,4,14.0,5.2,6.0,1636735519555
634,fbe432f807f98082ec2444500ca735c1,8,DataUnderstanding,Intervention,1,0,0.47,4,5.0,2.0,4,9,4,14.0,5.8,6.33,1636735519555
635,fbe432f807f98082ec2444500ca735c1,5,DataPresentation,Baseline,1,1,1.1,4,3.0,1.0,3,10,3,17.0,5.4,6.17,1636735519555
636,fbe432f807f98082ec2444500ca735c1,2,InforOverload,Intervention,1,1,0.7,4,2.0,1.0,2,10,4,13.0,4.4,5.33,1636735519555
637,fbe432f807f98082ec2444500ca735c1,6,DataPresentation,Intervention,1,1,1.03,4,3.0,2.0,5,11,5,15.0,6.0,6.83,1636735519555
638,fbe432f807f98082ec2444500ca735c1,7,DataUnderstanding,Baseline,2,1,1.0,4,3.0,2.0,5,10,3,15.0,5.6,6.33,1636735519555
639,fbe432f807f98082ec2444500ca735c1,4,Order&Grouping,Intervention,2,0,0.58,4,2.0,2.0,5,12,6,18.0,6.6,7.5,1636735519555
640,201f5b7c04e5b51e09b687196b7ed329,1,InforOverload,Baseline,1,1,0.62,2,10.0,10.0,12,12,10,8.0,10.0,10.33,1636739686613
641,201f5b7c04e5b51e09b687196b7ed329,2,InforOverload,Intervention,2,0,0.57,2,10.0,10.0,10,15,11,12.0,10.6,11.33,1636739686613
642,201f5b7c04e5b51e09b687196b7ed329,3,Order&Grouping,Baseline,2,0,1.0,2,7.0,13.0,8,2,9,17.0,10.8,9.33,1636739686613
643,201f5b7c04e5b51e09b687196b7ed329,8,DataUnderstanding,Intervention,2,1,1.5,2,9.0,14.0,10,18,9,4.0,9.2,10.67,1636739686613
644,201f5b7c04e5b51e09b687196b7ed329,6,DataPresentation,Intervention,2,1,1.38,2,10.0,8.0,14,14,11,2.0,9.0,9.83,1636739686613
645,201f5b7c04e5b51e09b687196b7ed329,4,Order&Grouping,Intervention,1,0,0.75,2,12.0,12.0,17,2,8,18.0,13.4,11.5,1636739686613
646,201f5b7c04e5b51e09b687196b7ed329,7,DataUnderstanding,Baseline,2,1,1.53,2,8.0,8.0,13,16,12,8.0,9.8,10.83,1636739686613
647,201f5b7c04e5b51e09b687196b7ed329,5,DataPresentation,Baseline,2,0,0.6,2,4.0,4.0,4,12,14,1.0,5.4,6.5,1636739686613
648,201f5b7c04e5b51e09b687196b7ed329,8,DataUnderstanding,Intervention,1,0,1.95,2,17.0,18.0,16,1,7,19.0,15.4,13.0,1636739686613
649,201f5b7c04e5b51e09b687196b7ed329,3,Order&Grouping,Baseline,1,1,1.08,2,8.0,9.0,8,16,11,1.0,7.4,8.83,1636739686613
650,201f5b7c04e5b51e09b687196b7ed329,7,DataUnderstanding,Baseline,1,1,1.5,2,8.0,8.0,8,18,9,2.0,7.0,8.83,1636739686613
651,201f5b7c04e5b51e09b687196b7ed329,6,DataPresentation,Intervention,1,1,1.0,2,9.0,10.0,4,17,3,2.0,5.6,7.5,1636739686613
652,201f5b7c04e5b51e09b687196b7ed329,5,DataPresentation,Baseline,1,1,0.78,2,7.0,8.0,7,19,2,2.0,5.2,7.5,1636739686613
653,201f5b7c04e5b51e09b687196b7ed329,4,Order&Grouping,Intervention,2,0,0.93,2,18.0,20.0,20,6,17,12.0,17.4,15.5,1636739686613
654,201f5b7c04e5b51e09b687196b7ed329,2,InforOverload,Intervention,1,1,0.82,2,12.0,6.0,6,17,9,1.0,6.8,8.5,1636739686613
655,201f5b7c04e5b51e09b687196b7ed329,1,InforOverload,Baseline,2,0,0.87,2,13.0,5.0,6,18,5,1.0,6.0,8.0,1636739686613
656,273e84df5345b38feb16e67a5c89eba4,3,Order&Grouping,Baseline,1,0,5.45,2,12.0,2.0,8,18,10,6.0,7.6,9.33,1636787015789
657,273e84df5345b38feb16e67a5c89eba4,2,InforOverload,Intervention,1,1,3.77,2,8.0,2.0,4,16,4,0.0,3.6,5.67,1636787015789
658,273e84df5345b38feb16e67a5c89eba4,2,InforOverload,Intervention,2,0,3.72,2,12.0,2.0,6,16,6,1.0,5.4,7.17,1636787015789
659,273e84df5345b38feb16e67a5c89eba4,1,InforOverload,Baseline,2,1,3.47,2,14.0,2.0,2,15,5,1.0,4.8,6.5,1636787015789
660,273e84df5345b38feb16e67a5c89eba4,3,Order&Grouping,Baseline,2,1,6.35,2,14.0,4.0,4,12,8,4.0,6.8,7.67,1636787015789
661,273e84df5345b38feb16e67a5c89eba4,7,DataUnderstanding,Baseline,2,1,4.05,2,8.0,1.0,4,16,2,0.0,3.0,5.17,1636787015789
662,273e84df5345b38feb16e67a5c89eba4,8,DataUnderstanding,Intervention,2,1,4.65,2,8.0,1.0,4,12,2,1.0,3.2,4.67,1636787015789
663,273e84df5345b38feb16e67a5c89eba4,6,DataPresentation,Intervention,2,0,3.8,2,10.0,1.0,4,8,6,4.0,5.0,5.5,1636787015789
664,273e84df5345b38feb16e67a5c89eba4,5,DataPresentation,Baseline,1,0,2.85,2,10.0,2.0,2,16,2,1.0,3.4,5.5,1636787015789
665,273e84df5345b38feb16e67a5c89eba4,7,DataUnderstanding,Baseline,1,1,4.4,2,8.0,1.0,4,14,4,2.0,3.8,5.5,1636787015789
666,273e84df5345b38feb16e67a5c89eba4,8,DataUnderstanding,Intervention,1,0,4.68,2,12.0,1.0,4,10,4,2.0,4.6,5.5,1636787015789
667,273e84df5345b38feb16e67a5c89eba4,1,InforOverload,Baseline,1,0,1.03,2,4.0,1.0,1,14,2,0.0,1.6,3.67,1636787015789
668,273e84df5345b38feb16e67a5c89eba4,4,Order&Grouping,Intervention,1,0,3.77,2,8.0,2.0,2,12,4,1.0,3.4,4.83,1636787015789
669,273e84df5345b38feb16e67a5c89eba4,4,Order&Grouping,Intervention,2,0,5.42,2,8.0,1.0,4,15,4,1.0,3.6,5.5,1636787015789
670,273e84df5345b38feb16e67a5c89eba4,5,DataPresentation,Baseline,2,0,2.58,2,10.0,3.0,4,12,6,2.0,5.0,6.17,1636787015789
671,273e84df5345b38feb16e67a5c89eba4,6,DataPresentation,Intervention,1,0,1.55,2,6.0,1.0,1,14,1,1.0,2.0,4.0,1636787015789
672,4e153cb3abef0aeab1575b2523d8ceeb,3,Order&Grouping,Baseline,1,0,6.25,1,1.0,1.0,2,18,2,2.0,1.6,4.33,1636819795667
673,4e153cb3abef0aeab1575b2523d8ceeb,3,Order&Grouping,Baseline,2,0,4.57,1,8.0,4.0,12,6,14,18.0,11.2,10.33,1636819795667
674,4e153cb3abef0aeab1575b2523d8ceeb,6,DataPresentation,Intervention,2,1,3.18,1,16.0,8.0,10,2,16,18.0,13.6,11.67,1636819795667
675,4e153cb3abef0aeab1575b2523d8ceeb,2,InforOverload,Intervention,2,0,6.0,1,4.0,6.0,12,20,6,4.0,6.4,8.67,1636819795667
676,4e153cb3abef0aeab1575b2523d8ceeb,5,DataPresentation,Baseline,1,1,1.9,1,2.0,0.0,2,20,1,1.0,1.2,4.33,1636819795667
677,4e153cb3abef0aeab1575b2523d8ceeb,1,InforOverload,Baseline,1,0,1.28,1,1.0,1.0,1,20,1,1.0,1.0,4.17,1636819795667
678,4e153cb3abef0aeab1575b2523d8ceeb,6,DataPresentation,Intervention,1,1,2.68,1,1.0,4.0,1,18,2,1.0,1.8,4.5,1636819795667
679,4e153cb3abef0aeab1575b2523d8ceeb,2,InforOverload,Intervention,1,1,1.77,1,4.0,1.0,2,18,2,2.0,2.2,4.83,1636819795667
680,4e153cb3abef0aeab1575b2523d8ceeb,1,InforOverload,Baseline,2,1,1.47,1,4.0,4.0,6,20,4,2.0,4.0,6.67,1636819795667
681,4e153cb3abef0aeab1575b2523d8ceeb,8,DataUnderstanding,Intervention,1,0,4.0,1,6.0,8.0,10,6,12,8.0,8.8,8.33,1636819795667
682,4e153cb3abef0aeab1575b2523d8ceeb,8,DataUnderstanding,Intervention,2,1,2.77,1,10.0,10.0,12,6,14,10.0,11.2,10.33,1636819795667
683,4e153cb3abef0aeab1575b2523d8ceeb,4,Order&Grouping,Intervention,1,1,2.13,1,6.0,10.0,12,16,10,6.0,8.8,10.0,1636819795667
684,4e153cb3abef0aeab1575b2523d8ceeb,7,DataUnderstanding,Baseline,1,0,2.78,1,10.0,14.0,14,18,14,8.0,12.0,13.0,1636819795667
685,4e153cb3abef0aeab1575b2523d8ceeb,7,DataUnderstanding,Baseline,2,0,4.62,1,8.0,10.0,10,12,8,4.0,8.0,8.67,1636819795667
686,4e153cb3abef0aeab1575b2523d8ceeb,4,Order&Grouping,Intervention,2,1,3.63,1,12.0,10.0,8,14,8,8.0,9.2,10.0,1636819795667
687,4e153cb3abef0aeab1575b2523d8ceeb,5,DataPresentation,Baseline,2,1,0.92,1,4.0,2.0,1,18,16,1.0,4.8,7.0,1636819795667
688,573054f39897e544151e5794bd771564,4,Order&Grouping,Intervention,2,0,1.67,1,15.0,15.0,16,15,10,5.0,12.2,12.67,1636827807181
689,573054f39897e544151e5794bd771564,1,InforOverload,Baseline,2,0,0.42,1,3.0,5.0,3,18,5,4.0,4.0,6.33,1636827807181
690,573054f39897e544151e5794bd771564,7,DataUnderstanding,Baseline,2,0,0.47,1,16.0,16.0,16,12,17,13.0,15.6,15.0,1636827807181
691,573054f39897e544151e5794bd771564,3,Order&Grouping,Baseline,1,1,0.98,1,5.0,7.0,4,11,4,6.0,5.2,6.17,1636827807181
692,573054f39897e544151e5794bd771564,2,InforOverload,Intervention,1,1,0.47,1,6.0,4.0,5,17,7,2.0,4.8,6.83,1636827807181
693,573054f39897e544151e5794bd771564,6,DataPresentation,Intervention,2,1,0.53,1,5.0,5.0,5,16,5,5.0,5.0,6.83,1636827807181
694,573054f39897e544151e5794bd771564,8,DataUnderstanding,Intervention,2,1,1.7,1,16.0,15.0,16,7,12,13.0,14.4,13.17,1636827807181
695,573054f39897e544151e5794bd771564,8,DataUnderstanding,Intervention,1,0,0.73,1,16.0,16.0,17,2,18,17.0,16.8,14.33,1636827807181
696,573054f39897e544151e5794bd771564,1,InforOverload,Baseline,1,0,0.53,1,9.0,8.0,9,17,2,5.0,6.6,8.33,1636827807181
697,573054f39897e544151e5794bd771564,3,Order&Grouping,Baseline,2,0,0.57,1,8.0,18.0,18,6,17,8.0,13.8,12.5,1636827807181
698,573054f39897e544151e5794bd771564,2,InforOverload,Intervention,2,0,0.55,1,14.0,9.0,6,16,5,9.0,8.6,9.83,1636827807181
699,573054f39897e544151e5794bd771564,7,DataUnderstanding,Baseline,1,1,0.92,1,12.0,10.0,13,14,10,6.0,10.2,10.83,1636827807181
700,573054f39897e544151e5794bd771564,5,DataPresentation,Baseline,1,1,0.87,1,3.0,3.0,3,16,3,3.0,3.0,5.17,1636827807181
701,573054f39897e544151e5794bd771564,5,DataPresentation,Baseline,2,1,0.5,1,13.0,11.0,14,17,4,7.0,9.8,11.0,1636827807181
702,573054f39897e544151e5794bd771564,4,Order&Grouping,Intervention,1,0,1.18,1,11.0,19.0,11,18,15,4.0,12.0,13.0,1636827807181
703,573054f39897e544151e5794bd771564,6,DataPresentation,Intervention,1,1,0.67,1,7.0,10.0,10,14,15,7.0,9.8,10.5,1636827807181
704,5d96bd3788fa28186c8b16577619a486,5,DataPresentation,Baseline,1,0,3.23,3,12.0,7.0,15,18,9,12.0,11.0,12.17,1636971248412
705,5d96bd3788fa28186c8b16577619a486,4,Order&Grouping,Intervention,1,0,12.23,3,15.0,9.0,3,17,14,15.0,11.2,12.17,1636971248412
706,5d96bd3788fa28186c8b16577619a486,7,DataUnderstanding,Baseline,1,1,7.22,3,5.0,5.0,16,8,6,15.0,9.4,9.17,1636971248412
707,5d96bd3788fa28186c8b16577619a486,8,DataUnderstanding,Intervention,1,0,5.68,3,10.0,10.0,5,17,11,14.0,10.0,11.17,1636971248412
708,5d96bd3788fa28186c8b16577619a486,4,Order&Grouping,Intervention,2,0,12.65,3,13.0,7.0,8,6,8,12.0,9.6,9.0,1636971248412
709,5d96bd3788fa28186c8b16577619a486,2,InforOverload,Intervention,2,0,8.08,3,5.0,6.0,8,16,6,16.0,8.2,9.5,1636971248412
710,5d96bd3788fa28186c8b16577619a486,5,DataPresentation,Baseline,2,0,5.88,3,6.0,7.0,5,18,3,6.0,5.4,7.5,1636971248412
711,5d96bd3788fa28186c8b16577619a486,1,InforOverload,Baseline,2,1,1.7,3,2.0,3.0,12,19,4,4.0,5.0,7.33,1636971248412
712,5d96bd3788fa28186c8b16577619a486,8,DataUnderstanding,Intervention,2,0,8.88,3,5.0,5.0,6,18,2,6.0,4.8,7.0,1636971248412
713,5d96bd3788fa28186c8b16577619a486,3,Order&Grouping,Baseline,2,1,7.98,3,9.0,9.0,7,15,11,12.0,9.6,10.5,1636971248412
714,5d96bd3788fa28186c8b16577619a486,1,InforOverload,Baseline,1,0,3.87,3,9.0,7.0,7,18,10,7.0,8.0,9.67,1636971248412
715,5d96bd3788fa28186c8b16577619a486,7,DataUnderstanding,Baseline,2,0,5.08,3,6.0,7.0,7,19,7,9.0,7.2,9.17,1636971248412
716,5d96bd3788fa28186c8b16577619a486,2,InforOverload,Intervention,1,1,2.23,3,4.0,3.0,14,18,10,12.0,8.6,10.17,1636971248412
717,5d96bd3788fa28186c8b16577619a486,3,Order&Grouping,Baseline,1,1,1.78,3,5.0,7.0,16,19,7,12.0,9.4,11.0,1636971248412
718,5d96bd3788fa28186c8b16577619a486,6,DataPresentation,Intervention,1,1,2.72,3,6.0,4.0,13,19,5,8.0,7.2,9.17,1636971248412
719,5d96bd3788fa28186c8b16577619a486,6,DataPresentation,Intervention,2,0,2.93,3,6.0,6.0,11,17,8,8.0,7.8,9.33,1636971248412
720,8bcb631543bfb681dca61a3007a11caf,6,DataPresentation,Intervention,2,1,5.43,4,4.0,2.0,1,20,2,0.0,1.8,4.83,1637000257955
721,8bcb631543bfb681dca61a3007a11caf,4,Order&Grouping,Intervention,2,0,7.97,4,10.0,8.0,6,6,12,7.0,8.6,8.17,1637000257955
722,8bcb631543bfb681dca61a3007a11caf,5,DataPresentation,Baseline,1,1,3.52,4,6.0,4.0,4,16,7,3.0,4.8,6.67,1637000257955
723,8bcb631543bfb681dca61a3007a11caf,1,InforOverload,Baseline,2,1,4.78,4,8.0,6.0,4,18,10,4.0,6.4,8.33,1637000257955
724,8bcb631543bfb681dca61a3007a11caf,3,Order&Grouping,Baseline,1,0,6.07,4,8.0,8.0,4,16,7,7.0,6.8,8.33,1637000257955
725,8bcb631543bfb681dca61a3007a11caf,6,DataPresentation,Intervention,1,1,8.48,4,11.0,9.0,4,10,16,10.0,10.0,10.0,1637000257955
726,8bcb631543bfb681dca61a3007a11caf,7,DataUnderstanding,Baseline,1,1,3.93,4,4.0,3.0,2,20,4,1.0,2.8,5.67,1637000257955
727,8bcb631543bfb681dca61a3007a11caf,4,Order&Grouping,Intervention,1,0,4.37,4,6.0,9.0,4,17,7,2.0,5.6,7.5,1637000257955
728,8bcb631543bfb681dca61a3007a11caf,8,DataUnderstanding,Intervention,2,0,3.23,4,4.0,5.0,3,18,3,2.0,3.4,5.83,1637000257955
729,8bcb631543bfb681dca61a3007a11caf,1,InforOverload,Baseline,1,0,2.6,4,4.0,5.0,3,19,4,2.0,3.6,6.17,1637000257955
730,8bcb631543bfb681dca61a3007a11caf,2,InforOverload,Intervention,2,1,5.1,4,14.0,12.0,6,10,12,10.0,10.8,10.67,1637000257955
731,8bcb631543bfb681dca61a3007a11caf,2,InforOverload,Intervention,1,1,3.02,4,8.0,4.0,5,19,7,4.0,5.6,7.83,1637000257955
732,8bcb631543bfb681dca61a3007a11caf,7,DataUnderstanding,Baseline,2,0,3.93,4,14.0,10.0,6,18,14,8.0,10.4,11.67,1637000257955
733,8bcb631543bfb681dca61a3007a11caf,8,DataUnderstanding,Intervention,1,1,1.98,4,12.0,7.0,4,18,10,2.0,7.0,8.83,1637000257955
734,8bcb631543bfb681dca61a3007a11caf,5,DataPresentation,Baseline,2,1,2.48,4,11.0,7.0,5,19,11,2.0,7.2,9.17,1637000257955
735,8bcb631543bfb681dca61a3007a11caf,3,Order&Grouping,Baseline,2,0,1.93,4,7.0,2.0,4,19,2,2.0,3.4,6.0,1637000257955
736,d242d66d2fb1847144fcb3ef3b1af6ad,8,DataUnderstanding,Intervention,2,1,4.3,0,6.0,0.0,1,20,3,0.0,2.0,5.0,1637962874691
737,d242d66d2fb1847144fcb3ef3b1af6ad,1,InforOverload,Baseline,1,0,3.17,0,0.0,0.0,1,20,0,0.0,0.2,3.5,1637962874691
738,d242d66d2fb1847144fcb3ef3b1af6ad,2,InforOverload,Intervention,2,0,5.23,0,3.0,0.0,2,10,2,7.0,2.8,4.0,1637962874691
739,d242d66d2fb1847144fcb3ef3b1af6ad,5,DataPresentation,Baseline,2,1,5.38,0,2.0,0.0,1,20,1,0.0,0.8,4.0,1637962874691
740,d242d66d2fb1847144fcb3ef3b1af6ad,5,DataPresentation,Baseline,1,0,1.82,0,0.0,0.0,0,20,0,0.0,0.0,3.33,1637962874691
741,d242d66d2fb1847144fcb3ef3b1af6ad,8,DataUnderstanding,Intervention,1,0,7.3,0,5.0,0.0,2,16,4,10.0,4.2,6.17,1637962874691
742,d242d66d2fb1847144fcb3ef3b1af6ad,1,InforOverload,Baseline,2,1,6.32,0,4.0,0.0,3,18,3,4.0,2.8,5.33,1637962874691
743,d242d66d2fb1847144fcb3ef3b1af6ad,3,Order&Grouping,Baseline,2,0,3.85,0,4.0,0.0,3,16,3,5.0,3.0,5.17,1637962874691
744,d242d66d2fb1847144fcb3ef3b1af6ad,4,Order&Grouping,Intervention,2,1,2.93,0,2.0,0.0,1,19,0,5.0,1.6,4.5,1637962874691
745,d242d66d2fb1847144fcb3ef3b1af6ad,2,InforOverload,Intervention,1,1,2.87,0,1.0,0.0,2,17,1,12.0,3.2,5.5,1637962874691
746,d242d66d2fb1847144fcb3ef3b1af6ad,3,Order&Grouping,Baseline,1,1,3.67,0,2.0,0.0,2,20,0,4.0,1.6,4.67,1637962874691
747,d242d66d2fb1847144fcb3ef3b1af6ad,6,DataPresentation,Intervention,2,0,7.53,0,3.0,0.0,1,19,1,1.0,1.2,4.17,1637962874691
748,d242d66d2fb1847144fcb3ef3b1af6ad,6,DataPresentation,Intervention,1,1,1.42,0,1.0,0.0,1,20,1,0.0,0.6,3.83,1637962874691
749,d242d66d2fb1847144fcb3ef3b1af6ad,7,DataUnderstanding,Baseline,1,1,2.55,0,0.0,0.0,0,20,0,0.0,0.0,3.33,1637962874691
750,d242d66d2fb1847144fcb3ef3b1af6ad,4,Order&Grouping,Intervention,1,1,3.82,0,1.0,0.0,2,20,1,3.0,1.4,4.5,1637962874691
751,d242d66d2fb1847144fcb3ef3b1af6ad,7,DataUnderstanding,Baseline,2,1,3.63,0,3.0,0.0,3,12,2,14.0,4.4,5.67,1637962874691
752,dd67ef251854b6bd3e53c5a7e3e32946,4,Order&Grouping,Intervention,1,0,3.7,2,6.0,8.0,6,20,2,0.0,4.4,7.0,1637970818425
753,dd67ef251854b6bd3e53c5a7e3e32946,1,InforOverload,Baseline,2,1,1.67,2,4.0,2.0,2,20,1,0.0,1.8,4.83,1637970818425
754,dd67ef251854b6bd3e53c5a7e3e32946,3,Order&Grouping,Baseline,2,0,0.72,2,6.0,4.0,2,20,2,0.0,2.8,5.67,1637970818425
755,dd67ef251854b6bd3e53c5a7e3e32946,6,DataPresentation,Intervention,2,1,3.87,2,6.0,4.0,4,20,2,0.0,3.2,6.0,1637970818425
756,dd67ef251854b6bd3e53c5a7e3e32946,1,InforOverload,Baseline,1,0,1.48,2,3.0,1.0,1,20,1,0.0,1.2,4.33,1637970818425
757,dd67ef251854b6bd3e53c5a7e3e32946,4,Order&Grouping,Intervention,2,1,0.55,2,4.0,2.0,2,20,1,0.0,1.8,4.83,1637970818425
758,dd67ef251854b6bd3e53c5a7e3e32946,7,DataUnderstanding,Baseline,2,1,2.58,2,2.0,2.0,2,20,1,0.0,1.4,4.5,1637970818425
759,dd67ef251854b6bd3e53c5a7e3e32946,3,Order&Grouping,Baseline,1,0,1.08,2,1.0,1.0,1,20,0,0.0,0.6,3.83,1637970818425
760,dd67ef251854b6bd3e53c5a7e3e32946,6,DataPresentation,Intervention,1,1,1.68,2,2.0,2.0,1,20,0,0.0,1.0,4.17,1637970818425
761,dd67ef251854b6bd3e53c5a7e3e32946,7,DataUnderstanding,Baseline,1,1,1.43,2,2.0,2.0,1,20,0,0.0,1.0,4.17,1637970818425
762,dd67ef251854b6bd3e53c5a7e3e32946,5,DataPresentation,Baseline,1,0,1.22,2,2.0,2.0,1,20,0,0.0,1.0,4.17,1637970818425
763,dd67ef251854b6bd3e53c5a7e3e32946,8,DataUnderstanding,Intervention,2,1,1.63,2,2.0,2.0,1,20,0,0.0,1.0,4.17,1637970818425
764,dd67ef251854b6bd3e53c5a7e3e32946,8,DataUnderstanding,Intervention,1,0,2.73,2,2.0,4.0,4,20,2,0.0,2.4,5.33,1637970818425
765,dd67ef251854b6bd3e53c5a7e3e32946,5,DataPresentation,Baseline,2,0,1.4,2,2.0,2.0,1,20,1,0.0,1.2,4.33,1637970818425
766,dd67ef251854b6bd3e53c5a7e3e32946,2,InforOverload,Intervention,1,1,0.63,2,2.0,1.0,1,20,0,0.0,0.8,4.0,1637970818425
767,dd67ef251854b6bd3e53c5a7e3e32946,2,InforOverload,Intervention,2,1,0.88,2,4.0,3.0,3,20,0,0.0,2.0,5.0,1637970818425
768,2eeb41c16b5c07e1794c94fea744e76c,2,InforOverload,Intervention,2,1,8.4,1,2.0,2.0,0,20,6,2.0,2.4,5.33,1638660813840
769,2eeb41c16b5c07e1794c94fea744e76c,3,Order&Grouping,Baseline,2,0,6.3,1,4.0,2.0,0,18,5,3.0,2.8,5.33,1638660813840
770,2eeb41c16b5c07e1794c94fea744e76c,8,DataUnderstanding,Intervention,2,1,2.95,1,1.0,1.0,0,20,1,1.0,0.8,4.0,1638660813840
771,2eeb41c16b5c07e1794c94fea744e76c,2,InforOverload,Intervention,1,1,2.25,1,1.0,1.0,0,20,0,0.0,0.4,3.67,1638660813840
772,2eeb41c16b5c07e1794c94fea744e76c,7,DataUnderstanding,Baseline,1,0,4.98,1,1.0,1.0,0,18,1,2.0,1.0,3.83,1638660813840
773,2eeb41c16b5c07e1794c94fea744e76c,4,Order&Grouping,Intervention,1,0,3.17,1,1.0,1.0,0,20,1,2.0,1.0,4.17,1638660813840
774,2eeb41c16b5c07e1794c94fea744e76c,5,DataPresentation,Baseline,2,1,3.97,1,2.0,2.0,0,20,2,0.0,1.2,4.33,1638660813840
775,2eeb41c16b5c07e1794c94fea744e76c,7,DataUnderstanding,Baseline,2,0,2.8,1,2.0,1.0,0,18,2,2.0,1.4,4.17,1638660813840
776,2eeb41c16b5c07e1794c94fea744e76c,5,DataPresentation,Baseline,1,0,3.08,1,1.0,1.0,0,20,1,1.0,0.8,4.0,1638660813840
777,2eeb41c16b5c07e1794c94fea744e76c,1,InforOverload,Baseline,1,0,2.55,1,1.0,1.0,0,20,2,0.0,0.8,4.0,1638660813840
778,2eeb41c16b5c07e1794c94fea744e76c,4,Order&Grouping,Intervention,2,0,7.17,1,4.0,4.0,0,10,6,10.0,4.8,5.67,1638660813840
779,2eeb41c16b5c07e1794c94fea744e76c,3,Order&Grouping,Baseline,1,0,2.33,1,2.0,2.0,0,19,2,2.0,1.6,4.5,1638660813840
780,2eeb41c16b5c07e1794c94fea744e76c,8,DataUnderstanding,Intervention,1,0,9.05,1,5.0,3.0,0,16,5,4.0,3.4,5.5,1638660813840
781,2eeb41c16b5c07e1794c94fea744e76c,1,InforOverload,Baseline,2,1,5.78,1,1.0,1.0,0,20,1,0.0,0.6,3.83,1638660813840
782,2eeb41c16b5c07e1794c94fea744e76c,6,DataPresentation,Intervention,2,1,0.9,1,1.0,1.0,0,20,1,0.0,0.6,3.83,1638660813840
783,2eeb41c16b5c07e1794c94fea744e76c,6,DataPresentation,Intervention,1,0,1.58,1,1.0,1.0,0,20,1,0.0,0.6,3.83,1638660813840
784,b225ee071f1c5a344d2d97c715b0eeea,1,InforOverload,Baseline,2,1,5.7,4,2.0,6.0,0,18,4,4.0,3.2,5.67,1638790944149
785,b225ee071f1c5a344d2d97c715b0eeea,8,DataUnderstanding,Intervention,1,1,6.53,4,10.0,8.0,6,18,8,4.0,7.2,9.0,1638790944149
786,b225ee071f1c5a344d2d97c715b0eeea,5,DataPresentation,Baseline,1,1,3.93,4,2.0,2.0,2,18,2,0.0,1.6,4.33,1638790944149
787,b225ee071f1c5a344d2d97c715b0eeea,4,Order&Grouping,Intervention,2,1,9.35,4,12.0,4.0,10,12,10,8.0,8.8,9.33,1638790944149
788,b225ee071f1c5a344d2d97c715b0eeea,5,DataPresentation,Baseline,2,0,10.75,4,14.0,20.0,6,18,18,18.0,15.2,15.67,1638790944149
789,b225ee071f1c5a344d2d97c715b0eeea,1,InforOverload,Baseline,1,0,3.68,4,8.0,2.0,4,8,2,12.0,5.6,6.0,1638790944149
790,b225ee071f1c5a344d2d97c715b0eeea,6,DataPresentation,Intervention,2,1,8.23,4,10.0,14.0,6,10,10,12.0,10.4,10.33,1638790944149
791,b225ee071f1c5a344d2d97c715b0eeea,7,DataUnderstanding,Baseline,2,1,4.48,4,8.0,5.0,2,14,4,2.0,4.2,5.83,1638790944149
792,b225ee071f1c5a344d2d97c715b0eeea,4,Order&Grouping,Intervention,1,0,1.73,4,2.0,2.0,2,18,2,0.0,1.6,4.33,1638790944149
793,b225ee071f1c5a344d2d97c715b0eeea,6,DataPresentation,Intervention,1,1,1.95,4,4.0,2.0,2,14,2,0.0,2.0,4.0,1638790944149
794,b225ee071f1c5a344d2d97c715b0eeea,3,Order&Grouping,Baseline,1,1,2.93,4,4.0,8.0,2,2,2,0.0,3.2,3.0,1638790944149
795,b225ee071f1c5a344d2d97c715b0eeea,3,Order&Grouping,Baseline,2,1,16.67,4,6.0,2.0,2,10,6,0.0,3.2,4.33,1638790944149
796,b225ee071f1c5a344d2d97c715b0eeea,2,InforOverload,Intervention,2,0,12.12,4,4.0,4.0,0,16,2,0.0,2.0,4.33,1638790944149
797,b225ee071f1c5a344d2d97c715b0eeea,8,DataUnderstanding,Intervention,2,1,2.2,4,2.0,2.0,0,18,4,0.0,1.6,4.33,1638790944149
798,b225ee071f1c5a344d2d97c715b0eeea,7,DataUnderstanding,Baseline,1,1,3.77,4,4.0,2.0,0,18,2,0.0,1.6,4.33,1638790944149
799,b225ee071f1c5a344d2d97c715b0eeea,2,InforOverload,Intervention,1,0,1.63,4,1.0,1.0,0,18,1,0.0,0.6,3.5,1638790944149
